Number of matches,84
Team Name,Morpheus
Team Number,5813
Event Code,WEEK0
Match Num,1
Alliance,Red
Scout Name,
AUTON Initation Line,0
Power Cell Lower,0,0,0,0,0,0,0,0,0,0,0,0,0,0,0,0,0,0,0,0,0
Power Cell Outer,0,0,0,0,0,0,0,0,0,0,0,0,0,0,0,0,0,0,0,0,0
Power Cell Inner,0,0,0,0,0,0,0,0,0,0,0,0,0,0,0,0,0,0,0,0,0
Power Cell Miss,0,0,0,0,0,0,0,0,0,0,0,0,0,0,0,0,0,0,0,0,0
Cycle Completed Status,0,0,0,0,0,0,0,0,0,0,0,0,0,0,0,0,0,0,0,0,0
Control Panel Rotation,0
Control Panel Position,0
Game Park,0
Climb Attempt,0
Climb Success,0
Balance Success,0
Robot Disabled,0
#
Team Name,Bionics
Team Number,4909
Event Code,WEEK0
Match Num,2
Alliance,Red
Scout Name,
AUTON Initation Line,0
Power Cell Lower,0,0,0,0,0,0,0,0,0,0,0,0,0,0,0,0,0,0,0,0,0
Power Cell Outer,0,0,0,0,0,0,0,0,0,0,0,0,0,0,0,0,0,0,0,0,0
Power Cell Inner,0,0,0,0,0,0,0,0,0,0,0,0,0,0,0,0,0,0,0,0,0
Power Cell Miss,0,0,0,0,0,0,0,0,0,0,0,0,0,0,0,0,0,0,0,0,0
Cycle Completed Status,0,0,0,0,0,0,0,0,0,0,0,0,0,0,0,0,0,0,0,0,0
Control Panel Rotation,0
Control Panel Position,0
Game Park,0
Climb Attempt,0
Climb Success,0
Balance Success,0
Robot Disabled,0
#
Team Name,The Riot Crew
Team Number,58
Event Code,WEEK0
Match Num,3
Alliance,Red
Scout Name,
AUTON Initation Line,0
Power Cell Lower,0,0,0,0,0,0,0,0,0,0,0,0,0,0,0,0,0,0,0,0,0
Power Cell Outer,0,0,0,0,0,0,0,0,0,0,0,0,0,0,0,0,0,0,0,0,0
Power Cell Inner,0,0,0,0,0,0,0,0,0,0,0,0,0,0,0,0,0,0,0,0,0
Power Cell Miss,0,0,0,0,0,0,0,0,0,0,0,0,0,0,0,0,0,0,0,0,0
Cycle Completed Status,0,0,0,0,0,0,0,0,0,0,0,0,0,0,0,0,0,0,0,0,0
Control Panel Rotation,0
Control Panel Position,0
Game Park,0
Climb Attempt,0
Climb Success,0
Balance Success,0
Robot Disabled,0
#
Team Name,The Revolution
Team Number,1153
Event Code,WEEK0
Match Num,4
Alliance,Red
Scout Name,
AUTON Initation Line,0
Power Cell Lower,0,0,0,0,0,0,0,0,0,0,0,0,0,0,0,0,0,0,0,0,0
Power Cell Outer,0,0,0,0,0,0,0,0,0,0,0,0,0,0,0,0,0,0,0,0,0
Power Cell Inner,0,0,0,0,0,0,0,0,0,0,0,0,0,0,0,0,0,0,0,0,0
Power Cell Miss,0,0,0,0,0,0,0,0,0,0,0,0,0,0,0,0,0,0,0,0,0
Cycle Completed Status,0,0,0,0,0,0,0,0,0,0,0,0,0,0,0,0,0,0,0,0,0
Control Panel Rotation,0
Control Panel Position,0
Game Park,0
Climb Attempt,0
Climb Success,0
Balance Success,0
Robot Disabled,0
#
Team Name,Harfangs
Team Number,3117
Event Code,WEEK0
Match Num,5
Alliance,Red
Scout Name,
AUTON Initation Line,0
Power Cell Lower,0,0,0,0,0,0,0,0,0,0,0,0,0,0,0,0,0,0,0,0,0
Power Cell Outer,0,0,0,0,0,0,0,0,0,0,0,0,0,0,0,0,0,0,0,0,0
Power Cell Inner,0,0,0,0,0,0,0,0,0,0,0,0,0,0,0,0,0,0,0,0,0
Power Cell Miss,0,0,0,0,0,0,0,0,0,0,0,0,0,0,0,0,0,0,0,0,0
Cycle Completed Status,0,0,0,0,0,0,0,0,0,0,0,0,0,0,0,0,0,0,0,0,0
Control Panel Rotation,0
Control Panel Position,0
Game Park,0
Climb Attempt,0
Climb Success,0
Balance Success,0
Robot Disabled,0
#
Team Name,Potential Energy
Team Number,3323
Event Code,WEEK0
Match Num,6
Alliance,Red
Scout Name,
AUTON Initation Line,0
Power Cell Lower,0,0,0,0,0,0,0,0,0,0,0,0,0,0,0,0,0,0,0,0,0
Power Cell Outer,0,0,0,0,0,0,0,0,0,0,0,0,0,0,0,0,0,0,0,0,0
Power Cell Inner,0,0,0,0,0,0,0,0,0,0,0,0,0,0,0,0,0,0,0,0,0
Power Cell Miss,0,0,0,0,0,0,0,0,0,0,0,0,0,0,0,0,0,0,0,0,0
Cycle Completed Status,0,0,0,0,0,0,0,0,0,0,0,0,0,0,0,0,0,0,0,0,0
Control Panel Rotation,0
Control Panel Position,0
Game Park,0
Climb Attempt,0
Climb Success,0
Balance Success,0
Robot Disabled,0
#
Team Name,The Outliers
Team Number,5687
Event Code,WEEK0
Match Num,7
Alliance,Red
Scout Name,
AUTON Initation Line,0
Power Cell Lower,0,0,0,0,0,0,0,0,0,0,0,0,0,0,0,0,0,0,0,0,0
Power Cell Outer,0,0,0,0,0,0,0,0,0,0,0,0,0,0,0,0,0,0,0,0,0
Power Cell Inner,0,0,0,0,0,0,0,0,0,0,0,0,0,0,0,0,0,0,0,0,0
Power Cell Miss,0,0,0,0,0,0,0,0,0,0,0,0,0,0,0,0,0,0,0,0,0
Cycle Completed Status,0,0,0,0,0,0,0,0,0,0,0,0,0,0,0,0,0,0,0,0,0
Control Panel Rotation,0
Control Panel Position,0
Game Park,0
Climb Attempt,0
Climb Success,0
Balance Success,0
Robot Disabled,0
#
Team Name,Northern Knights
Team Number,296
Event Code,WEEK0
Match Num,8
Alliance,Red
Scout Name,
AUTON Initation Line,0
Power Cell Lower,0,0,0,0,0,0,0,0,0,0,0,0,0,0,0,0,0,0,0,0,0
Power Cell Outer,0,0,0,0,0,0,0,0,0,0,0,0,0,0,0,0,0,0,0,0,0
Power Cell Inner,0,0,0,0,0,0,0,0,0,0,0,0,0,0,0,0,0,0,0,0,0
Power Cell Miss,0,0,0,0,0,0,0,0,0,0,0,0,0,0,0,0,0,0,0,0,0
Cycle Completed Status,0,0,0,0,0,0,0,0,0,0,0,0,0,0,0,0,0,0,0,0,0
Control Panel Rotation,0
Control Panel Position,0
Game Park,0
Climb Attempt,0
Climb Success,0
Balance Success,0
Robot Disabled,0
#
Team Name,Windham Windup
Team Number,3467
Event Code,WEEK0
Match Num,9
Alliance,Red
Scout Name,
AUTON Initation Line,0
Power Cell Lower,0,0,0,0,0,0,0,0,0,0,0,0,0,0,0,0,0,0,0,0,0
Power Cell Outer,0,0,0,0,0,0,0,0,0,0,0,0,0,0,0,0,0,0,0,0,0
Power Cell Inner,0,0,0,0,0,0,0,0,0,0,0,0,0,0,0,0,0,0,0,0,0
Power Cell Miss,0,0,0,0,0,0,0,0,0,0,0,0,0,0,0,0,0,0,0,0,0
Cycle Completed Status,0,0,0,0,0,0,0,0,0,0,0,0,0,0,0,0,0,0,0,0,0
Control Panel Rotation,0
Control Panel Position,0
Game Park,0
Climb Attempt,0
Climb Success,0
Balance Success,0
Robot Disabled,0
#
Team Name,Andromeda One
Team Number,4905
Event Code,WEEK0
Match Num,10
Alliance,Red
Scout Name,
AUTON Initation Line,0
Power Cell Lower,0,0,0,0,0,0,0,0,0,0,0,0,0,0,0,0,0,0,0,0,0
Power Cell Outer,0,0,0,0,0,0,0,0,0,0,0,0,0,0,0,0,0,0,0,0,0
Power Cell Inner,0,0,0,0,0,0,0,0,0,0,0,0,0,0,0,0,0,0,0,0,0
Power Cell Miss,0,0,0,0,0,0,0,0,0,0,0,0,0,0,0,0,0,0,0,0,0
Cycle Completed Status,0,0,0,0,0,0,0,0,0,0,0,0,0,0,0,0,0,0,0,0,0
Control Panel Rotation,0
Control Panel Position,0
Game Park,0
Climb Attempt,0
Climb Success,0
Balance Success,0
Robot Disabled,0
#
Team Name,Tough Techs
Team Number,151
Event Code,WEEK0
Match Num,11
Alliance,Red
Scout Name,
AUTON Initation Line,0
Power Cell Lower,0,0,0,0,0,0,0,0,0,0,0,0,0,0,0,0,0,0,0,0,0
Power Cell Outer,0,0,0,0,0,0,0,0,0,0,0,0,0,0,0,0,0,0,0,0,0
Power Cell Inner,0,0,0,0,0,0,0,0,0,0,0,0,0,0,0,0,0,0,0,0,0
Power Cell Miss,0,0,0,0,0,0,0,0,0,0,0,0,0,0,0,0,0,0,0,0,0
Cycle Completed Status,0,0,0,0,0,0,0,0,0,0,0,0,0,0,0,0,0,0,0,0,0
Control Panel Rotation,0
Control Panel Position,0
Game Park,0
Climb Attempt,0
Climb Success,0
Balance Success,0
Robot Disabled,0
#
Team Name,perSEVERE
Team Number,5962
Event Code,WEEK0
Match Num,12
Alliance,Red
Scout Name,
AUTON Initation Line,0
Power Cell Lower,0,0,0,0,0,0,0,0,0,0,0,0,0,0,0,0,0,0,0,0,0
Power Cell Outer,0,0,0,0,0,0,0,0,0,0,0,0,0,0,0,0,0,0,0,0,0
Power Cell Inner,0,0,0,0,0,0,0,0,0,0,0,0,0,0,0,0,0,0,0,0,0
Power Cell Miss,0,0,0,0,0,0,0,0,0,0,0,0,0,0,0,0,0,0,0,0,0
Cycle Completed Status,0,0,0,0,0,0,0,0,0,0,0,0,0,0,0,0,0,0,0,0,0
Control Panel Rotation,0
Control Panel Position,0
Game Park,0
Climb Attempt,0
Climb Success,0
Balance Success,0
Robot Disabled,0
#
Team Name,Mechanical Mayhem
Team Number,1519
Event Code,WEEK0
Match Num,13
Alliance,Red
Scout Name,
AUTON Initation Line,0
Power Cell Lower,0,0,0,0,0,0,0,0,0,0,0,0,0,0,0,0,0,0,0,0,0
Power Cell Outer,0,0,0,0,0,0,0,0,0,0,0,0,0,0,0,0,0,0,0,0,0
Power Cell Inner,0,0,0,0,0,0,0,0,0,0,0,0,0,0,0,0,0,0,0,0,0
Power Cell Miss,0,0,0,0,0,0,0,0,0,0,0,0,0,0,0,0,0,0,0,0,0
Cycle Completed Status,0,0,0,0,0,0,0,0,0,0,0,0,0,0,0,0,0,0,0,0,0
Control Panel Rotation,0
Control Panel Position,0
Game Park,0
Climb Attempt,0
Climb Success,0
Balance Success,0
Robot Disabled,0
#
Team Name,Crusaders
Team Number,238
Event Code,WEEK0
Match Num,14
Alliance,Red
Scout Name,
AUTON Initation Line,0
Power Cell Lower,0,0,0,0,0,0,0,0,0,0,0,0,0,0,0,0,0,0,0,0,0
Power Cell Outer,0,0,0,0,0,0,0,0,0,0,0,0,0,0,0,0,0,0,0,0,0
Power Cell Inner,0,0,0,0,0,0,0,0,0,0,0,0,0,0,0,0,0,0,0,0,0
Power Cell Miss,0,0,0,0,0,0,0,0,0,0,0,0,0,0,0,0,0,0,0,0,0
Cycle Completed Status,0,0,0,0,0,0,0,0,0,0,0,0,0,0,0,0,0,0,0,0,0
Control Panel Rotation,0
Control Panel Position,0
Game Park,0
Climb Attempt,0
Climb Success,0
Balance Success,0
Robot Disabled,0
#

Team Name,Team Phoenix
Team Number,2342
Event Code,WEEK0
Match Num,1
Alliance,Red
Scout Name,
AUTON Initation Line,0
Power Cell Lower,0,0,0,0,0,0,0,0,0,0,0,0,0,0,0,0,0,0,0,0,0
Power Cell Outer,0,0,0,0,0,0,0,0,0,0,0,0,0,0,0,0,0,0,0,0,0
Power Cell Inner,0,0,0,0,0,0,0,0,0,0,0,0,0,0,0,0,0,0,0,0,0
Power Cell Miss,0,0,0,0,0,0,0,0,0,0,0,0,0,0,0,0,0,0,0,0,0
Cycle Completed Status,0,0,0,0,0,0,0,0,0,0,0,0,0,0,0,0,0,0,0,0,0
Control Panel Rotation,0
Control Panel Position,0
Game Park,0
Climb Attempt,0
Climb Success,0
Balance Success,0
Robot Disabled,0
#
Team Name,Crusaders
Team Number,238
Event Code,WEEK0
Match Num,2
Alliance,Red
Scout Name,
AUTON Initation Line,0
Power Cell Lower,0,0,0,0,0,0,0,0,0,0,0,0,0,0,0,0,0,0,0,0,0
Power Cell Outer,0,0,0,0,0,0,0,0,0,0,0,0,0,0,0,0,0,0,0,0,0
Power Cell Inner,0,0,0,0,0,0,0,0,0,0,0,0,0,0,0,0,0,0,0,0,0
Power Cell Miss,0,0,0,0,0,0,0,0,0,0,0,0,0,0,0,0,0,0,0,0,0
Cycle Completed Status,0,0,0,0,0,0,0,0,0,0,0,0,0,0,0,0,0,0,0,0,0
Control Panel Rotation,0
Control Panel Position,0
Game Park,0
Climb Attempt,0
Climb Success,0
Balance Success,0
Robot Disabled,0
#
Team Name,4H ALARM Robotics
Team Number,2079
Event Code,WEEK0
Match Num,3
Alliance,Red
Scout Name,
AUTON Initation Line,0
Power Cell Lower,0,0,0,0,0,0,0,0,0,0,0,0,0,0,0,0,0,0,0,0,0
Power Cell Outer,0,0,0,0,0,0,0,0,0,0,0,0,0,0,0,0,0,0,0,0,0
Power Cell Inner,0,0,0,0,0,0,0,0,0,0,0,0,0,0,0,0,0,0,0,0,0
Power Cell Miss,0,0,0,0,0,0,0,0,0,0,0,0,0,0,0,0,0,0,0,0,0
Cycle Completed Status,0,0,0,0,0,0,0,0,0,0,0,0,0,0,0,0,0,0,0,0,0
Control Panel Rotation,0
Control Panel Position,0
Game Park,0
Climb Attempt,0
Climb Success,0
Balance Success,0
Robot Disabled,0
#
Team Name,Andromeda One
Team Number,4905
Event Code,WEEK0
Match Num,4
Alliance,Red
Scout Name,
AUTON Initation Line,0
Power Cell Lower,0,0,0,0,0,0,0,0,0,0,0,0,0,0,0,0,0,0,0,0,0
Power Cell Outer,0,0,0,0,0,0,0,0,0,0,0,0,0,0,0,0,0,0,0,0,0
Power Cell Inner,0,0,0,0,0,0,0,0,0,0,0,0,0,0,0,0,0,0,0,0,0
Power Cell Miss,0,0,0,0,0,0,0,0,0,0,0,0,0,0,0,0,0,0,0,0,0
Cycle Completed Status,0,0,0,0,0,0,0,0,0,0,0,0,0,0,0,0,0,0,0,0,0
Control Panel Rotation,0
Control Panel Position,0
Game Park,0
Climb Attempt,0
Climb Success,0
Balance Success,0
Robot Disabled,0
#
Team Name,Cardinals
Team Number,811
Event Code,WEEK0
Match Num,5
Alliance,Red
Scout Name,
AUTON Initation Line,0
Power Cell Lower,0,0,0,0,0,0,0,0,0,0,0,0,0,0,0,0,0,0,0,0,0
Power Cell Outer,0,0,0,0,0,0,0,0,0,0,0,0,0,0,0,0,0,0,0,0,0
Power Cell Inner,0,0,0,0,0,0,0,0,0,0,0,0,0,0,0,0,0,0,0,0,0
Power Cell Miss,0,0,0,0,0,0,0,0,0,0,0,0,0,0,0,0,0,0,0,0,0
Cycle Completed Status,0,0,0,0,0,0,0,0,0,0,0,0,0,0,0,0,0,0,0,0,0
Control Panel Rotation,0
Control Panel Position,0
Game Park,0
Climb Attempt,0
Climb Success,0
Balance Success,0
Robot Disabled,0
#
Team Name,The Revolution
Team Number,1153
Event Code,WEEK0
Match Num,6
Alliance,Red
Scout Name,
AUTON Initation Line,0
Power Cell Lower,0,0,0,0,0,0,0,0,0,0,0,0,0,0,0,0,0,0,0,0,0
Power Cell Outer,0,0,0,0,0,0,0,0,0,0,0,0,0,0,0,0,0,0,0,0,0
Power Cell Inner,0,0,0,0,0,0,0,0,0,0,0,0,0,0,0,0,0,0,0,0,0
Power Cell Miss,0,0,0,0,0,0,0,0,0,0,0,0,0,0,0,0,0,0,0,0,0
Cycle Completed Status,0,0,0,0,0,0,0,0,0,0,0,0,0,0,0,0,0,0,0,0,0
Control Panel Rotation,0
Control Panel Position,0
Game Park,0
Climb Attempt,0
Climb Success,0
Balance Success,0
Robot Disabled,0
#
Team Name,Tidal Force
Team Number,1721
Event Code,WEEK0
Match Num,7
Alliance,Red
Scout Name,
AUTON Initation Line,0
Power Cell Lower,0,0,0,0,0,0,0,0,0,0,0,0,0,0,0,0,0,0,0,0,0
Power Cell Outer,0,0,0,0,0,0,0,0,0,0,0,0,0,0,0,0,0,0,0,0,0
Power Cell Inner,0,0,0,0,0,0,0,0,0,0,0,0,0,0,0,0,0,0,0,0,0
Power Cell Miss,0,0,0,0,0,0,0,0,0,0,0,0,0,0,0,0,0,0,0,0,0
Cycle Completed Status,0,0,0,0,0,0,0,0,0,0,0,0,0,0,0,0,0,0,0,0,0
Control Panel Rotation,0
Control Panel Position,0
Game Park,0
Climb Attempt,0
Climb Success,0
Balance Success,0
Robot Disabled,0
#
Team Name,Robots by the C
Team Number,2084
Event Code,WEEK0
Match Num,8
Alliance,Red
Scout Name,
AUTON Initation Line,0
Power Cell Lower,0,0,0,0,0,0,0,0,0,0,0,0,0,0,0,0,0,0,0,0,0
Power Cell Outer,0,0,0,0,0,0,0,0,0,0,0,0,0,0,0,0,0,0,0,0,0
Power Cell Inner,0,0,0,0,0,0,0,0,0,0,0,0,0,0,0,0,0,0,0,0,0
Power Cell Miss,0,0,0,0,0,0,0,0,0,0,0,0,0,0,0,0,0,0,0,0,0
Cycle Completed Status,0,0,0,0,0,0,0,0,0,0,0,0,0,0,0,0,0,0,0,0,0
Control Panel Rotation,0
Control Panel Position,0
Game Park,0
Climb Attempt,0
Climb Success,0
Balance Success,0
Robot Disabled,0
#
Team Name,The PowerKnights
Team Number,501
Event Code,WEEK0
Match Num,9
Alliance,Red
Scout Name,
AUTON Initation Line,0
Power Cell Lower,0,0,0,0,0,0,0,0,0,0,0,0,0,0,0,0,0,0,0,0,0
Power Cell Outer,0,0,0,0,0,0,0,0,0,0,0,0,0,0,0,0,0,0,0,0,0
Power Cell Inner,0,0,0,0,0,0,0,0,0,0,0,0,0,0,0,0,0,0,0,0,0
Power Cell Miss,0,0,0,0,0,0,0,0,0,0,0,0,0,0,0,0,0,0,0,0,0
Cycle Completed Status,0,0,0,0,0,0,0,0,0,0,0,0,0,0,0,0,0,0,0,0,0
Control Panel Rotation,0
Control Panel Position,0
Game Park,0
Climb Attempt,0
Climb Success,0
Balance Success,0
Robot Disabled,0
#
Team Name,Harfangs
Team Number,3117
Event Code,WEEK0
Match Num,10
Alliance,Red
Scout Name,
AUTON Initation Line,0
Power Cell Lower,0,0,0,0,0,0,0,0,0,0,0,0,0,0,0,0,0,0,0,0,0
Power Cell Outer,0,0,0,0,0,0,0,0,0,0,0,0,0,0,0,0,0,0,0,0,0
Power Cell Inner,0,0,0,0,0,0,0,0,0,0,0,0,0,0,0,0,0,0,0,0,0
Power Cell Miss,0,0,0,0,0,0,0,0,0,0,0,0,0,0,0,0,0,0,0,0,0
Cycle Completed Status,0,0,0,0,0,0,0,0,0,0,0,0,0,0,0,0,0,0,0,0,0
Control Panel Rotation,0
Control Panel Position,0
Game Park,0
Climb Attempt,0
Climb Success,0
Balance Success,0
Robot Disabled,0
#
Team Name,Express-O
Team Number,3986
Event Code,WEEK0
Match Num,11
Alliance,Red
Scout Name,
AUTON Initation Line,0
Power Cell Lower,0,0,0,0,0,0,0,0,0,0,0,0,0,0,0,0,0,0,0,0,0
Power Cell Outer,0,0,0,0,0,0,0,0,0,0,0,0,0,0,0,0,0,0,0,0,0
Power Cell Inner,0,0,0,0,0,0,0,0,0,0,0,0,0,0,0,0,0,0,0,0,0
Power Cell Miss,0,0,0,0,0,0,0,0,0,0,0,0,0,0,0,0,0,0,0,0,0
Cycle Completed Status,0,0,0,0,0,0,0,0,0,0,0,0,0,0,0,0,0,0,0,0,0
Control Panel Rotation,0
Control Panel Position,0
Game Park,0
Climb Attempt,0
Climb Success,0
Balance Success,0
Robot Disabled,0
#
Team Name,iRaiders
Team Number,2713
Event Code,WEEK0
Match Num,12
Alliance,Red
Scout Name,
AUTON Initation Line,0
Power Cell Lower,0,0,0,0,0,0,0,0,0,0,0,0,0,0,0,0,0,0,0,0,0
Power Cell Outer,0,0,0,0,0,0,0,0,0,0,0,0,0,0,0,0,0,0,0,0,0
Power Cell Inner,0,0,0,0,0,0,0,0,0,0,0,0,0,0,0,0,0,0,0,0,0
Power Cell Miss,0,0,0,0,0,0,0,0,0,0,0,0,0,0,0,0,0,0,0,0,0
Cycle Completed Status,0,0,0,0,0,0,0,0,0,0,0,0,0,0,0,0,0,0,0,0,0
Control Panel Rotation,0
Control Panel Position,0
Game Park,0
Climb Attempt,0
Climb Success,0
Balance Success,0
Robot Disabled,0
#
Team Name,The Force Team
Team Number,1073
Event Code,WEEK0
Match Num,13
Alliance,Red
Scout Name,
AUTON Initation Line,0
Power Cell Lower,0,0,0,0,0,0,0,0,0,0,0,0,0,0,0,0,0,0,0,0,0
Power Cell Outer,0,0,0,0,0,0,0,0,0,0,0,0,0,0,0,0,0,0,0,0,0
Power Cell Inner,0,0,0,0,0,0,0,0,0,0,0,0,0,0,0,0,0,0,0,0,0
Power Cell Miss,0,0,0,0,0,0,0,0,0,0,0,0,0,0,0,0,0,0,0,0,0
Cycle Completed Status,0,0,0,0,0,0,0,0,0,0,0,0,0,0,0,0,0,0,0,0,0
Control Panel Rotation,0
Control Panel Position,0
Game Park,0
Climb Attempt,0
Climb Success,0
Balance Success,0
Robot Disabled,0
#
Team Name,iRaiders
Team Number,2713
Event Code,WEEK0
Match Num,14
Alliance,Red
Scout Name,
AUTON Initation Line,0
Power Cell Lower,0,0,0,0,0,0,0,0,0,0,0,0,0,0,0,0,0,0,0,0,0
Power Cell Outer,0,0,0,0,0,0,0,0,0,0,0,0,0,0,0,0,0,0,0,0,0
Power Cell Inner,0,0,0,0,0,0,0,0,0,0,0,0,0,0,0,0,0,0,0,0,0
Power Cell Miss,0,0,0,0,0,0,0,0,0,0,0,0,0,0,0,0,0,0,0,0,0
Cycle Completed Status,0,0,0,0,0,0,0,0,0,0,0,0,0,0,0,0,0,0,0,0,0
Control Panel Rotation,0
Control Panel Position,0
Game Park,0
Climb Attempt,0
Climb Success,0
Balance Success,0
Robot Disabled,0
#

Team Name,Potential Energy
Team Number,3323
Event Code,WEEK0
Match Num,1
Alliance,Red
Scout Name,
AUTON Initation Line,0
Power Cell Lower,0,0,0,0,0,0,0,0,0,0,0,0,0,0,0,0,0,0,0,0,0
Power Cell Outer,0,0,0,0,0,0,0,0,0,0,0,0,0,0,0,0,0,0,0,0,0
Power Cell Inner,0,0,0,0,0,0,0,0,0,0,0,0,0,0,0,0,0,0,0,0,0
Power Cell Miss,0,0,0,0,0,0,0,0,0,0,0,0,0,0,0,0,0,0,0,0,0
Cycle Completed Status,0,0,0,0,0,0,0,0,0,0,0,0,0,0,0,0,0,0,0,0,0
Control Panel Rotation,0
Control Panel Position,0
Game Park,0
Climb Attempt,0
Climb Success,0
Balance Success,0
Robot Disabled,0
#
Team Name,AZTECHS
Team Number,157
Event Code,WEEK0
Match Num,2
Alliance,Red
Scout Name,
AUTON Initation Line,0
Power Cell Lower,0,0,0,0,0,0,0,0,0,0,0,0,0,0,0,0,0,0,0,0,0
Power Cell Outer,0,0,0,0,0,0,0,0,0,0,0,0,0,0,0,0,0,0,0,0,0
Power Cell Inner,0,0,0,0,0,0,0,0,0,0,0,0,0,0,0,0,0,0,0,0,0
Power Cell Miss,0,0,0,0,0,0,0,0,0,0,0,0,0,0,0,0,0,0,0,0,0
Cycle Completed Status,0,0,0,0,0,0,0,0,0,0,0,0,0,0,0,0,0,0,0,0,0
Control Panel Rotation,0
Control Panel Position,0
Game Park,0
Climb Attempt,0
Climb Success,0
Balance Success,0
Robot Disabled,0
#
Team Name,Team Inconceivable!
Team Number,1729
Event Code,WEEK0
Match Num,3
Alliance,Red
Scout Name,
AUTON Initation Line,0
Power Cell Lower,0,0,0,0,0,0,0,0,0,0,0,0,0,0,0,0,0,0,0,0,0
Power Cell Outer,0,0,0,0,0,0,0,0,0,0,0,0,0,0,0,0,0,0,0,0,0
Power Cell Inner,0,0,0,0,0,0,0,0,0,0,0,0,0,0,0,0,0,0,0,0,0
Power Cell Miss,0,0,0,0,0,0,0,0,0,0,0,0,0,0,0,0,0,0,0,0,0
Cycle Completed Status,0,0,0,0,0,0,0,0,0,0,0,0,0,0,0,0,0,0,0,0,0
Control Panel Rotation,0
Control Panel Position,0
Game Park,0
Climb Attempt,0
Climb Success,0
Balance Success,0
Robot Disabled,0
#
Team Name,Overclocked
Team Number,246
Event Code,WEEK0
Match Num,4
Alliance,Red
Scout Name,
AUTON Initation Line,0
Power Cell Lower,0,0,0,0,0,0,0,0,0,0,0,0,0,0,0,0,0,0,0,0,0
Power Cell Outer,0,0,0,0,0,0,0,0,0,0,0,0,0,0,0,0,0,0,0,0,0
Power Cell Inner,0,0,0,0,0,0,0,0,0,0,0,0,0,0,0,0,0,0,0,0,0
Power Cell Miss,0,0,0,0,0,0,0,0,0,0,0,0,0,0,0,0,0,0,0,0,0
Cycle Completed Status,0,0,0,0,0,0,0,0,0,0,0,0,0,0,0,0,0,0,0,0,0
Control Panel Rotation,0
Control Panel Position,0
Game Park,0
Climb Attempt,0
Climb Success,0
Balance Success,0
Robot Disabled,0
#
Team Name,Morpheus
Team Number,5813
Event Code,WEEK0
Match Num,5
Alliance,Red
Scout Name,
AUTON Initation Line,0
Power Cell Lower,0,0,0,0,0,0,0,0,0,0,0,0,0,0,0,0,0,0,0,0,0
Power Cell Outer,0,0,0,0,0,0,0,0,0,0,0,0,0,0,0,0,0,0,0,0,0
Power Cell Inner,0,0,0,0,0,0,0,0,0,0,0,0,0,0,0,0,0,0,0,0,0
Power Cell Miss,0,0,0,0,0,0,0,0,0,0,0,0,0,0,0,0,0,0,0,0,0
Cycle Completed Status,0,0,0,0,0,0,0,0,0,0,0,0,0,0,0,0,0,0,0,0,0
Control Panel Rotation,0
Control Panel Position,0
Game Park,0
Climb Attempt,0
Climb Success,0
Balance Success,0
Robot Disabled,0
#
Team Name,Mechanical Mayhem
Team Number,1519
Event Code,WEEK0
Match Num,6
Alliance,Red
Scout Name,
AUTON Initation Line,0
Power Cell Lower,0,0,0,0,0,0,0,0,0,0,0,0,0,0,0,0,0,0,0,0,0
Power Cell Outer,0,0,0,0,0,0,0,0,0,0,0,0,0,0,0,0,0,0,0,0,0
Power Cell Inner,0,0,0,0,0,0,0,0,0,0,0,0,0,0,0,0,0,0,0,0,0
Power Cell Miss,0,0,0,0,0,0,0,0,0,0,0,0,0,0,0,0,0,0,0,0,0
Cycle Completed Status,0,0,0,0,0,0,0,0,0,0,0,0,0,0,0,0,0,0,0,0,0
Control Panel Rotation,0
Control Panel Position,0
Game Park,0
Climb Attempt,0
Climb Success,0
Balance Success,0
Robot Disabled,0
#
Team Name,The Riot Crew
Team Number,58
Event Code,WEEK0
Match Num,7
Alliance,Red
Scout Name,
AUTON Initation Line,0
Power Cell Lower,0,0,0,0,0,0,0,0,0,0,0,0,0,0,0,0,0,0,0,0,0
Power Cell Outer,0,0,0,0,0,0,0,0,0,0,0,0,0,0,0,0,0,0,0,0,0
Power Cell Inner,0,0,0,0,0,0,0,0,0,0,0,0,0,0,0,0,0,0,0,0,0
Power Cell Miss,0,0,0,0,0,0,0,0,0,0,0,0,0,0,0,0,0,0,0,0,0
Cycle Completed Status,0,0,0,0,0,0,0,0,0,0,0,0,0,0,0,0,0,0,0,0,0
Control Panel Rotation,0
Control Panel Position,0
Game Park,0
Climb Attempt,0
Climb Success,0
Balance Success,0
Robot Disabled,0
#
Team Name,Team Phoenix
Team Number,2342
Event Code,WEEK0
Match Num,8
Alliance,Red
Scout Name,
AUTON Initation Line,0
Power Cell Lower,0,0,0,0,0,0,0,0,0,0,0,0,0,0,0,0,0,0,0,0,0
Power Cell Outer,0,0,0,0,0,0,0,0,0,0,0,0,0,0,0,0,0,0,0,0,0
Power Cell Inner,0,0,0,0,0,0,0,0,0,0,0,0,0,0,0,0,0,0,0,0,0
Power Cell Miss,0,0,0,0,0,0,0,0,0,0,0,0,0,0,0,0,0,0,0,0,0
Cycle Completed Status,0,0,0,0,0,0,0,0,0,0,0,0,0,0,0,0,0,0,0,0,0
Control Panel Rotation,0
Control Panel Position,0
Game Park,0
Climb Attempt,0
Climb Success,0
Balance Success,0
Robot Disabled,0
#
Team Name,Express-O
Team Number,3986
Event Code,WEEK0
Match Num,9
Alliance,Red
Scout Name,
AUTON Initation Line,0
Power Cell Lower,0,0,0,0,0,0,0,0,0,0,0,0,0,0,0,0,0,0,0,0,0
Power Cell Outer,0,0,0,0,0,0,0,0,0,0,0,0,0,0,0,0,0,0,0,0,0
Power Cell Inner,0,0,0,0,0,0,0,0,0,0,0,0,0,0,0,0,0,0,0,0,0
Power Cell Miss,0,0,0,0,0,0,0,0,0,0,0,0,0,0,0,0,0,0,0,0,0
Cycle Completed Status,0,0,0,0,0,0,0,0,0,0,0,0,0,0,0,0,0,0,0,0,0
Control Panel Rotation,0
Control Panel Position,0
Game Park,0
Climb Attempt,0
Climb Success,0
Balance Success,0
Robot Disabled,0
#
Team Name,Robots by the C
Team Number,2084
Event Code,WEEK0
Match Num,10
Alliance,Red
Scout Name,
AUTON Initation Line,0
Power Cell Lower,0,0,0,0,0,0,0,0,0,0,0,0,0,0,0,0,0,0,0,0,0
Power Cell Outer,0,0,0,0,0,0,0,0,0,0,0,0,0,0,0,0,0,0,0,0,0
Power Cell Inner,0,0,0,0,0,0,0,0,0,0,0,0,0,0,0,0,0,0,0,0,0
Power Cell Miss,0,0,0,0,0,0,0,0,0,0,0,0,0,0,0,0,0,0,0,0,0
Cycle Completed Status,0,0,0,0,0,0,0,0,0,0,0,0,0,0,0,0,0,0,0,0,0
Control Panel Rotation,0
Control Panel Position,0
Game Park,0
Climb Attempt,0
Climb Success,0
Balance Success,0
Robot Disabled,0
#
Team Name,AZTECHS
Team Number,157
Event Code,WEEK0
Match Num,11
Alliance,Red
Scout Name,
AUTON Initation Line,0
Power Cell Lower,0,0,0,0,0,0,0,0,0,0,0,0,0,0,0,0,0,0,0,0,0
Power Cell Outer,0,0,0,0,0,0,0,0,0,0,0,0,0,0,0,0,0,0,0,0,0
Power Cell Inner,0,0,0,0,0,0,0,0,0,0,0,0,0,0,0,0,0,0,0,0,0
Power Cell Miss,0,0,0,0,0,0,0,0,0,0,0,0,0,0,0,0,0,0,0,0,0
Cycle Completed Status,0,0,0,0,0,0,0,0,0,0,0,0,0,0,0,0,0,0,0,0,0
Control Panel Rotation,0
Control Panel Position,0
Game Park,0
Climb Attempt,0
Climb Success,0
Balance Success,0
Robot Disabled,0
#
Team Name,Team Inconceivable!
Team Number,1729
Event Code,WEEK0
Match Num,12
Alliance,Red
Scout Name,
AUTON Initation Line,0
Power Cell Lower,0,0,0,0,0,0,0,0,0,0,0,0,0,0,0,0,0,0,0,0,0
Power Cell Outer,0,0,0,0,0,0,0,0,0,0,0,0,0,0,0,0,0,0,0,0,0
Power Cell Inner,0,0,0,0,0,0,0,0,0,0,0,0,0,0,0,0,0,0,0,0,0
Power Cell Miss,0,0,0,0,0,0,0,0,0,0,0,0,0,0,0,0,0,0,0,0,0
Cycle Completed Status,0,0,0,0,0,0,0,0,0,0,0,0,0,0,0,0,0,0,0,0,0
Control Panel Rotation,0
Control Panel Position,0
Game Park,0
Climb Attempt,0
Climb Success,0
Balance Success,0
Robot Disabled,0
#
Team Name,Cardinals
Team Number,811
Event Code,WEEK0
Match Num,13
Alliance,Red
Scout Name,
AUTON Initation Line,0
Power Cell Lower,0,0,0,0,0,0,0,0,0,0,0,0,0,0,0,0,0,0,0,0,0
Power Cell Outer,0,0,0,0,0,0,0,0,0,0,0,0,0,0,0,0,0,0,0,0,0
Power Cell Inner,0,0,0,0,0,0,0,0,0,0,0,0,0,0,0,0,0,0,0,0,0
Power Cell Miss,0,0,0,0,0,0,0,0,0,0,0,0,0,0,0,0,0,0,0,0,0
Cycle Completed Status,0,0,0,0,0,0,0,0,0,0,0,0,0,0,0,0,0,0,0,0,0
Control Panel Rotation,0
Control Panel Position,0
Game Park,0
Climb Attempt,0
Climb Success,0
Balance Success,0
Robot Disabled,0
#
Team Name,Tidal Force
Team Number,1721
Event Code,WEEK0
Match Num,14
Alliance,Red
Scout Name,
AUTON Initation Line,0
Power Cell Lower,0,0,0,0,0,0,0,0,0,0,0,0,0,0,0,0,0,0,0,0,0
Power Cell Outer,0,0,0,0,0,0,0,0,0,0,0,0,0,0,0,0,0,0,0,0,0
Power Cell Inner,0,0,0,0,0,0,0,0,0,0,0,0,0,0,0,0,0,0,0,0,0
Power Cell Miss,0,0,0,0,0,0,0,0,0,0,0,0,0,0,0,0,0,0,0,0,0
Cycle Completed Status,0,0,0,0,0,0,0,0,0,0,0,0,0,0,0,0,0,0,0,0,0
Control Panel Rotation,0
Control Panel Position,0
Game Park,0
Climb Attempt,0
Climb Success,0
Balance Success,0
Robot Disabled,0
#

Team Name,Tidal Force
Team Number,1721
Event Code,WEEK0
Match Num,1
Alliance,Blue
Scout Name,
AUTON Initation Line,0
Power Cell Lower,0,0,0,0,0,0,0,0,0,0,0,0,0,0,0,0,0,0,0,0,0
Power Cell Outer,0,0,0,0,0,0,0,0,0,0,0,0,0,0,0,0,0,0,0,0,0
Power Cell Inner,0,0,0,0,0,0,0,0,0,0,0,0,0,0,0,0,0,0,0,0,0
Power Cell Miss,0,0,0,0,0,0,0,0,0,0,0,0,0,0,0,0,0,0,0,0,0
Cycle Completed Status,0,0,0,0,0,0,0,0,0,0,0,0,0,0,0,0,0,0,0,0,0
Control Panel Rotation,0
Control Panel Position,0
Game Park,0
Climb Attempt,0
Climb Success,0
Balance Success,0
Robot Disabled,0
#
Team Name,Robots by the C
Team Number,2084
Event Code,WEEK0
Match Num,2
Alliance,Blue
Scout Name,
AUTON Initation Line,0
Power Cell Lower,0,0,0,0,0,0,0,0,0,0,0,0,0,0,0,0,0,0,0,0,0
Power Cell Outer,0,0,0,0,0,0,0,0,0,0,0,0,0,0,0,0,0,0,0,0,0
Power Cell Inner,0,0,0,0,0,0,0,0,0,0,0,0,0,0,0,0,0,0,0,0,0
Power Cell Miss,0,0,0,0,0,0,0,0,0,0,0,0,0,0,0,0,0,0,0,0,0
Cycle Completed Status,0,0,0,0,0,0,0,0,0,0,0,0,0,0,0,0,0,0,0,0,0
Control Panel Rotation,0
Control Panel Position,0
Game Park,0
Climb Attempt,0
Climb Success,0
Balance Success,0
Robot Disabled,0
#
Team Name,The PowerKnights
Team Number,501
Event Code,WEEK0
Match Num,3
Alliance,Blue
Scout Name,
AUTON Initation Line,0
Power Cell Lower,0,0,0,0,0,0,0,0,0,0,0,0,0,0,0,0,0,0,0,0,0
Power Cell Outer,0,0,0,0,0,0,0,0,0,0,0,0,0,0,0,0,0,0,0,0,0
Power Cell Inner,0,0,0,0,0,0,0,0,0,0,0,0,0,0,0,0,0,0,0,0,0
Power Cell Miss,0,0,0,0,0,0,0,0,0,0,0,0,0,0,0,0,0,0,0,0,0
Cycle Completed Status,0,0,0,0,0,0,0,0,0,0,0,0,0,0,0,0,0,0,0,0,0
Control Panel Rotation,0
Control Panel Position,0
Game Park,0
Climb Attempt,0
Climb Success,0
Balance Success,0
Robot Disabled,0
#
Team Name,The Force Team
Team Number,1073
Event Code,WEEK0
Match Num,4
Alliance,Blue
Scout Name,
AUTON Initation Line,0
Power Cell Lower,0,0,0,0,0,0,0,0,0,0,0,0,0,0,0,0,0,0,0,0,0
Power Cell Outer,0,0,0,0,0,0,0,0,0,0,0,0,0,0,0,0,0,0,0,0,0
Power Cell Inner,0,0,0,0,0,0,0,0,0,0,0,0,0,0,0,0,0,0,0,0,0
Power Cell Miss,0,0,0,0,0,0,0,0,0,0,0,0,0,0,0,0,0,0,0,0,0
Cycle Completed Status,0,0,0,0,0,0,0,0,0,0,0,0,0,0,0,0,0,0,0,0,0
Control Panel Rotation,0
Control Panel Position,0
Game Park,0
Climb Attempt,0
Climb Success,0
Balance Success,0
Robot Disabled,0
#
Team Name,Express-O
Team Number,3986
Event Code,WEEK0
Match Num,5
Alliance,Blue
Scout Name,
AUTON Initation Line,0
Power Cell Lower,0,0,0,0,0,0,0,0,0,0,0,0,0,0,0,0,0,0,0,0,0
Power Cell Outer,0,0,0,0,0,0,0,0,0,0,0,0,0,0,0,0,0,0,0,0,0
Power Cell Inner,0,0,0,0,0,0,0,0,0,0,0,0,0,0,0,0,0,0,0,0,0
Power Cell Miss,0,0,0,0,0,0,0,0,0,0,0,0,0,0,0,0,0,0,0,0,0
Cycle Completed Status,0,0,0,0,0,0,0,0,0,0,0,0,0,0,0,0,0,0,0,0,0
Control Panel Rotation,0
Control Panel Position,0
Game Park,0
Climb Attempt,0
Climb Success,0
Balance Success,0
Robot Disabled,0
#
Team Name,Iron Tigers
Team Number,4041
Event Code,WEEK0
Match Num,6
Alliance,Blue
Scout Name,
AUTON Initation Line,0
Power Cell Lower,0,0,0,0,0,0,0,0,0,0,0,0,0,0,0,0,0,0,0,0,0
Power Cell Outer,0,0,0,0,0,0,0,0,0,0,0,0,0,0,0,0,0,0,0,0,0
Power Cell Inner,0,0,0,0,0,0,0,0,0,0,0,0,0,0,0,0,0,0,0,0,0
Power Cell Miss,0,0,0,0,0,0,0,0,0,0,0,0,0,0,0,0,0,0,0,0,0
Cycle Completed Status,0,0,0,0,0,0,0,0,0,0,0,0,0,0,0,0,0,0,0,0,0
Control Panel Rotation,0
Control Panel Position,0
Game Park,0
Climb Attempt,0
Climb Success,0
Balance Success,0
Robot Disabled,0
#
Team Name,Cardinals
Team Number,811
Event Code,WEEK0
Match Num,7
Alliance,Blue
Scout Name,
AUTON Initation Line,0
Power Cell Lower,0,0,0,0,0,0,0,0,0,0,0,0,0,0,0,0,0,0,0,0,0
Power Cell Outer,0,0,0,0,0,0,0,0,0,0,0,0,0,0,0,0,0,0,0,0,0
Power Cell Inner,0,0,0,0,0,0,0,0,0,0,0,0,0,0,0,0,0,0,0,0,0
Power Cell Miss,0,0,0,0,0,0,0,0,0,0,0,0,0,0,0,0,0,0,0,0,0
Cycle Completed Status,0,0,0,0,0,0,0,0,0,0,0,0,0,0,0,0,0,0,0,0,0
Control Panel Rotation,0
Control Panel Position,0
Game Park,0
Climb Attempt,0
Climb Success,0
Balance Success,0
Robot Disabled,0
#
Team Name,4H ALARM Robotics
Team Number,2079
Event Code,WEEK0
Match Num,8
Alliance,Blue
Scout Name,
AUTON Initation Line,0
Power Cell Lower,0,0,0,0,0,0,0,0,0,0,0,0,0,0,0,0,0,0,0,0,0
Power Cell Outer,0,0,0,0,0,0,0,0,0,0,0,0,0,0,0,0,0,0,0,0,0
Power Cell Inner,0,0,0,0,0,0,0,0,0,0,0,0,0,0,0,0,0,0,0,0,0
Power Cell Miss,0,0,0,0,0,0,0,0,0,0,0,0,0,0,0,0,0,0,0,0,0
Cycle Completed Status,0,0,0,0,0,0,0,0,0,0,0,0,0,0,0,0,0,0,0,0,0
Control Panel Rotation,0
Control Panel Position,0
Game Park,0
Climb Attempt,0
Climb Success,0
Balance Success,0
Robot Disabled,0
#
Team Name,iRaiders
Team Number,2713
Event Code,WEEK0
Match Num,9
Alliance,Blue
Scout Name,
AUTON Initation Line,0
Power Cell Lower,0,0,0,0,0,0,0,0,0,0,0,0,0,0,0,0,0,0,0,0,0
Power Cell Outer,0,0,0,0,0,0,0,0,0,0,0,0,0,0,0,0,0,0,0,0,0
Power Cell Inner,0,0,0,0,0,0,0,0,0,0,0,0,0,0,0,0,0,0,0,0,0
Power Cell Miss,0,0,0,0,0,0,0,0,0,0,0,0,0,0,0,0,0,0,0,0,0
Cycle Completed Status,0,0,0,0,0,0,0,0,0,0,0,0,0,0,0,0,0,0,0,0,0
Control Panel Rotation,0
Control Panel Position,0
Game Park,0
Climb Attempt,0
Climb Success,0
Balance Success,0
Robot Disabled,0
#
Team Name,Morpheus
Team Number,5813
Event Code,WEEK0
Match Num,10
Alliance,Blue
Scout Name,
AUTON Initation Line,0
Power Cell Lower,0,0,0,0,0,0,0,0,0,0,0,0,0,0,0,0,0,0,0,0,0
Power Cell Outer,0,0,0,0,0,0,0,0,0,0,0,0,0,0,0,0,0,0,0,0,0
Power Cell Inner,0,0,0,0,0,0,0,0,0,0,0,0,0,0,0,0,0,0,0,0,0
Power Cell Miss,0,0,0,0,0,0,0,0,0,0,0,0,0,0,0,0,0,0,0,0,0
Cycle Completed Status,0,0,0,0,0,0,0,0,0,0,0,0,0,0,0,0,0,0,0,0,0
Control Panel Rotation,0
Control Panel Position,0
Game Park,0
Climb Attempt,0
Climb Success,0
Balance Success,0
Robot Disabled,0
#
Team Name,Overclocked
Team Number,246
Event Code,WEEK0
Match Num,11
Alliance,Blue
Scout Name,
AUTON Initation Line,0
Power Cell Lower,0,0,0,0,0,0,0,0,0,0,0,0,0,0,0,0,0,0,0,0,0
Power Cell Outer,0,0,0,0,0,0,0,0,0,0,0,0,0,0,0,0,0,0,0,0,0
Power Cell Inner,0,0,0,0,0,0,0,0,0,0,0,0,0,0,0,0,0,0,0,0,0
Power Cell Miss,0,0,0,0,0,0,0,0,0,0,0,0,0,0,0,0,0,0,0,0,0
Cycle Completed Status,0,0,0,0,0,0,0,0,0,0,0,0,0,0,0,0,0,0,0,0,0
Control Panel Rotation,0
Control Panel Position,0
Game Park,0
Climb Attempt,0
Climb Success,0
Balance Success,0
Robot Disabled,0
#
Team Name,Team Phoenix
Team Number,2342
Event Code,WEEK0
Match Num,12
Alliance,Blue
Scout Name,
AUTON Initation Line,0
Power Cell Lower,0,0,0,0,0,0,0,0,0,0,0,0,0,0,0,0,0,0,0,0,0
Power Cell Outer,0,0,0,0,0,0,0,0,0,0,0,0,0,0,0,0,0,0,0,0,0
Power Cell Inner,0,0,0,0,0,0,0,0,0,0,0,0,0,0,0,0,0,0,0,0,0
Power Cell Miss,0,0,0,0,0,0,0,0,0,0,0,0,0,0,0,0,0,0,0,0,0
Cycle Completed Status,0,0,0,0,0,0,0,0,0,0,0,0,0,0,0,0,0,0,0,0,0
Control Panel Rotation,0
Control Panel Position,0
Game Park,0
Climb Attempt,0
Climb Success,0
Balance Success,0
Robot Disabled,0
#
Team Name,Potential Energy
Team Number,3323
Event Code,WEEK0
Match Num,13
Alliance,Blue
Scout Name,
AUTON Initation Line,0
Power Cell Lower,0,0,0,0,0,0,0,0,0,0,0,0,0,0,0,0,0,0,0,0,0
Power Cell Outer,0,0,0,0,0,0,0,0,0,0,0,0,0,0,0,0,0,0,0,0,0
Power Cell Inner,0,0,0,0,0,0,0,0,0,0,0,0,0,0,0,0,0,0,0,0,0
Power Cell Miss,0,0,0,0,0,0,0,0,0,0,0,0,0,0,0,0,0,0,0,0,0
Cycle Completed Status,0,0,0,0,0,0,0,0,0,0,0,0,0,0,0,0,0,0,0,0,0
Control Panel Rotation,0
Control Panel Position,0
Game Park,0
Climb Attempt,0
Climb Success,0
Balance Success,0
Robot Disabled,0
#
Team Name,Andromeda One
Team Number,4905
Event Code,WEEK0
Match Num,14
Alliance,Blue
Scout Name,
AUTON Initation Line,0
Power Cell Lower,0,0,0,0,0,0,0,0,0,0,0,0,0,0,0,0,0,0,0,0,0
Power Cell Outer,0,0,0,0,0,0,0,0,0,0,0,0,0,0,0,0,0,0,0,0,0
Power Cell Inner,0,0,0,0,0,0,0,0,0,0,0,0,0,0,0,0,0,0,0,0,0
Power Cell Miss,0,0,0,0,0,0,0,0,0,0,0,0,0,0,0,0,0,0,0,0,0
Cycle Completed Status,0,0,0,0,0,0,0,0,0,0,0,0,0,0,0,0,0,0,0,0,0
Control Panel Rotation,0
Control Panel Position,0
Game Park,0
Climb Attempt,0
Climb Success,0
Balance Success,0
Robot Disabled,0
#

Team Name,Northern Knights
Team Number,296
Event Code,WEEK0
Match Num,1
Alliance,Blue
Scout Name,
AUTON Initation Line,0
Power Cell Lower,0,0,0,0,0,0,0,0,0,0,0,0,0,0,0,0,0,0,0,0,0
Power Cell Outer,0,0,0,0,0,0,0,0,0,0,0,0,0,0,0,0,0,0,0,0,0
Power Cell Inner,0,0,0,0,0,0,0,0,0,0,0,0,0,0,0,0,0,0,0,0,0
Power Cell Miss,0,0,0,0,0,0,0,0,0,0,0,0,0,0,0,0,0,0,0,0,0
Cycle Completed Status,0,0,0,0,0,0,0,0,0,0,0,0,0,0,0,0,0,0,0,0,0
Control Panel Rotation,0
Control Panel Position,0
Game Park,0
Climb Attempt,0
Climb Success,0
Balance Success,0
Robot Disabled,0
#
Team Name,perSEVERE
Team Number,5962
Event Code,WEEK0
Match Num,2
Alliance,Blue
Scout Name,
AUTON Initation Line,0
Power Cell Lower,0,0,0,0,0,0,0,0,0,0,0,0,0,0,0,0,0,0,0,0,0
Power Cell Outer,0,0,0,0,0,0,0,0,0,0,0,0,0,0,0,0,0,0,0,0,0
Power Cell Inner,0,0,0,0,0,0,0,0,0,0,0,0,0,0,0,0,0,0,0,0,0
Power Cell Miss,0,0,0,0,0,0,0,0,0,0,0,0,0,0,0,0,0,0,0,0,0
Cycle Completed Status,0,0,0,0,0,0,0,0,0,0,0,0,0,0,0,0,0,0,0,0,0
Control Panel Rotation,0
Control Panel Position,0
Game Park,0
Climb Attempt,0
Climb Success,0
Balance Success,0
Robot Disabled,0
#
Team Name,Mechanical Mayhem
Team Number,1519
Event Code,WEEK0
Match Num,3
Alliance,Blue
Scout Name,
AUTON Initation Line,0
Power Cell Lower,0,0,0,0,0,0,0,0,0,0,0,0,0,0,0,0,0,0,0,0,0
Power Cell Outer,0,0,0,0,0,0,0,0,0,0,0,0,0,0,0,0,0,0,0,0,0
Power Cell Inner,0,0,0,0,0,0,0,0,0,0,0,0,0,0,0,0,0,0,0,0,0
Power Cell Miss,0,0,0,0,0,0,0,0,0,0,0,0,0,0,0,0,0,0,0,0,0
Cycle Completed Status,0,0,0,0,0,0,0,0,0,0,0,0,0,0,0,0,0,0,0,0,0
Control Panel Rotation,0
Control Panel Position,0
Game Park,0
Climb Attempt,0
Climb Success,0
Balance Success,0
Robot Disabled,0
#
Team Name,Windham Windup
Team Number,3467
Event Code,WEEK0
Match Num,4
Alliance,Blue
Scout Name,
AUTON Initation Line,0
Power Cell Lower,0,0,0,0,0,0,0,0,0,0,0,0,0,0,0,0,0,0,0,0,0
Power Cell Outer,0,0,0,0,0,0,0,0,0,0,0,0,0,0,0,0,0,0,0,0,0
Power Cell Inner,0,0,0,0,0,0,0,0,0,0,0,0,0,0,0,0,0,0,0,0,0
Power Cell Miss,0,0,0,0,0,0,0,0,0,0,0,0,0,0,0,0,0,0,0,0,0
Cycle Completed Status,0,0,0,0,0,0,0,0,0,0,0,0,0,0,0,0,0,0,0,0,0
Control Panel Rotation,0
Control Panel Position,0
Game Park,0
Climb Attempt,0
Climb Success,0
Balance Success,0
Robot Disabled,0
#
Team Name,Team Inconceivable!
Team Number,1729
Event Code,WEEK0
Match Num,5
Alliance,Blue
Scout Name,
AUTON Initation Line,0
Power Cell Lower,0,0,0,0,0,0,0,0,0,0,0,0,0,0,0,0,0,0,0,0,0
Power Cell Outer,0,0,0,0,0,0,0,0,0,0,0,0,0,0,0,0,0,0,0,0,0
Power Cell Inner,0,0,0,0,0,0,0,0,0,0,0,0,0,0,0,0,0,0,0,0,0
Power Cell Miss,0,0,0,0,0,0,0,0,0,0,0,0,0,0,0,0,0,0,0,0,0
Cycle Completed Status,0,0,0,0,0,0,0,0,0,0,0,0,0,0,0,0,0,0,0,0,0
Control Panel Rotation,0
Control Panel Position,0
Game Park,0
Climb Attempt,0
Climb Success,0
Balance Success,0
Robot Disabled,0
#
Team Name,AZTECHS
Team Number,157
Event Code,WEEK0
Match Num,6
Alliance,Blue
Scout Name,
AUTON Initation Line,0
Power Cell Lower,0,0,0,0,0,0,0,0,0,0,0,0,0,0,0,0,0,0,0,0,0
Power Cell Outer,0,0,0,0,0,0,0,0,0,0,0,0,0,0,0,0,0,0,0,0,0
Power Cell Inner,0,0,0,0,0,0,0,0,0,0,0,0,0,0,0,0,0,0,0,0,0
Power Cell Miss,0,0,0,0,0,0,0,0,0,0,0,0,0,0,0,0,0,0,0,0,0
Cycle Completed Status,0,0,0,0,0,0,0,0,0,0,0,0,0,0,0,0,0,0,0,0,0
Control Panel Rotation,0
Control Panel Position,0
Game Park,0
Climb Attempt,0
Climb Success,0
Balance Success,0
Robot Disabled,0
#
Team Name,Overclocked
Team Number,246
Event Code,WEEK0
Match Num,7
Alliance,Blue
Scout Name,
AUTON Initation Line,0
Power Cell Lower,0,0,0,0,0,0,0,0,0,0,0,0,0,0,0,0,0,0,0,0,0
Power Cell Outer,0,0,0,0,0,0,0,0,0,0,0,0,0,0,0,0,0,0,0,0,0
Power Cell Inner,0,0,0,0,0,0,0,0,0,0,0,0,0,0,0,0,0,0,0,0,0
Power Cell Miss,0,0,0,0,0,0,0,0,0,0,0,0,0,0,0,0,0,0,0,0,0
Cycle Completed Status,0,0,0,0,0,0,0,0,0,0,0,0,0,0,0,0,0,0,0,0,0
Control Panel Rotation,0
Control Panel Position,0
Game Park,0
Climb Attempt,0
Climb Success,0
Balance Success,0
Robot Disabled,0
#
Team Name,The Force Team
Team Number,1073
Event Code,WEEK0
Match Num,8
Alliance,Blue
Scout Name,
AUTON Initation Line,0
Power Cell Lower,0,0,0,0,0,0,0,0,0,0,0,0,0,0,0,0,0,0,0,0,0
Power Cell Outer,0,0,0,0,0,0,0,0,0,0,0,0,0,0,0,0,0,0,0,0,0
Power Cell Inner,0,0,0,0,0,0,0,0,0,0,0,0,0,0,0,0,0,0,0,0,0
Power Cell Miss,0,0,0,0,0,0,0,0,0,0,0,0,0,0,0,0,0,0,0,0,0
Cycle Completed Status,0,0,0,0,0,0,0,0,0,0,0,0,0,0,0,0,0,0,0,0,0
Control Panel Rotation,0
Control Panel Position,0
Game Park,0
Climb Attempt,0
Climb Success,0
Balance Success,0
Robot Disabled,0
#
Team Name,Tough Techs
Team Number,151
Event Code,WEEK0
Match Num,9
Alliance,Blue
Scout Name,
AUTON Initation Line,0
Power Cell Lower,0,0,0,0,0,0,0,0,0,0,0,0,0,0,0,0,0,0,0,0,0
Power Cell Outer,0,0,0,0,0,0,0,0,0,0,0,0,0,0,0,0,0,0,0,0,0
Power Cell Inner,0,0,0,0,0,0,0,0,0,0,0,0,0,0,0,0,0,0,0,0,0
Power Cell Miss,0,0,0,0,0,0,0,0,0,0,0,0,0,0,0,0,0,0,0,0,0
Cycle Completed Status,0,0,0,0,0,0,0,0,0,0,0,0,0,0,0,0,0,0,0,0,0
Control Panel Rotation,0
Control Panel Position,0
Game Park,0
Climb Attempt,0
Climb Success,0
Balance Success,0
Robot Disabled,0
#
Team Name,The Outliers
Team Number,5687
Event Code,WEEK0
Match Num,10
Alliance,Blue
Scout Name,
AUTON Initation Line,0
Power Cell Lower,0,0,0,0,0,0,0,0,0,0,0,0,0,0,0,0,0,0,0,0,0
Power Cell Outer,0,0,0,0,0,0,0,0,0,0,0,0,0,0,0,0,0,0,0,0,0
Power Cell Inner,0,0,0,0,0,0,0,0,0,0,0,0,0,0,0,0,0,0,0,0,0
Power Cell Miss,0,0,0,0,0,0,0,0,0,0,0,0,0,0,0,0,0,0,0,0,0
Cycle Completed Status,0,0,0,0,0,0,0,0,0,0,0,0,0,0,0,0,0,0,0,0,0
Control Panel Rotation,0
Control Panel Position,0
Game Park,0
Climb Attempt,0
Climb Success,0
Balance Success,0
Robot Disabled,0
#
Team Name,The Riot Crew
Team Number,58
Event Code,WEEK0
Match Num,11
Alliance,Blue
Scout Name,
AUTON Initation Line,0
Power Cell Lower,0,0,0,0,0,0,0,0,0,0,0,0,0,0,0,0,0,0,0,0,0
Power Cell Outer,0,0,0,0,0,0,0,0,0,0,0,0,0,0,0,0,0,0,0,0,0
Power Cell Inner,0,0,0,0,0,0,0,0,0,0,0,0,0,0,0,0,0,0,0,0,0
Power Cell Miss,0,0,0,0,0,0,0,0,0,0,0,0,0,0,0,0,0,0,0,0,0
Cycle Completed Status,0,0,0,0,0,0,0,0,0,0,0,0,0,0,0,0,0,0,0,0,0
Control Panel Rotation,0
Control Panel Position,0
Game Park,0
Climb Attempt,0
Climb Success,0
Balance Success,0
Robot Disabled,0
#
Team Name,Iron Tigers
Team Number,4041
Event Code,WEEK0
Match Num,12
Alliance,Blue
Scout Name,
AUTON Initation Line,0
Power Cell Lower,0,0,0,0,0,0,0,0,0,0,0,0,0,0,0,0,0,0,0,0,0
Power Cell Outer,0,0,0,0,0,0,0,0,0,0,0,0,0,0,0,0,0,0,0,0,0
Power Cell Inner,0,0,0,0,0,0,0,0,0,0,0,0,0,0,0,0,0,0,0,0,0
Power Cell Miss,0,0,0,0,0,0,0,0,0,0,0,0,0,0,0,0,0,0,0,0,0
Cycle Completed Status,0,0,0,0,0,0,0,0,0,0,0,0,0,0,0,0,0,0,0,0,0
Control Panel Rotation,0
Control Panel Position,0
Game Park,0
Climb Attempt,0
Climb Success,0
Balance Success,0
Robot Disabled,0
#
Team Name,Bionics
Team Number,4909
Event Code,WEEK0
Match Num,13
Alliance,Blue
Scout Name,
AUTON Initation Line,0
Power Cell Lower,0,0,0,0,0,0,0,0,0,0,0,0,0,0,0,0,0,0,0,0,0
Power Cell Outer,0,0,0,0,0,0,0,0,0,0,0,0,0,0,0,0,0,0,0,0,0
Power Cell Inner,0,0,0,0,0,0,0,0,0,0,0,0,0,0,0,0,0,0,0,0,0
Power Cell Miss,0,0,0,0,0,0,0,0,0,0,0,0,0,0,0,0,0,0,0,0,0
Cycle Completed Status,0,0,0,0,0,0,0,0,0,0,0,0,0,0,0,0,0,0,0,0,0
Control Panel Rotation,0
Control Panel Position,0
Game Park,0
Climb Attempt,0
Climb Success,0
Balance Success,0
Robot Disabled,0
#
Team Name,The Revolution
Team Number,1153
Event Code,WEEK0
Match Num,14
Alliance,Blue
Scout Name,
AUTON Initation Line,0
Power Cell Lower,0,0,0,0,0,0,0,0,0,0,0,0,0,0,0,0,0,0,0,0,0
Power Cell Outer,0,0,0,0,0,0,0,0,0,0,0,0,0,0,0,0,0,0,0,0,0
Power Cell Inner,0,0,0,0,0,0,0,0,0,0,0,0,0,0,0,0,0,0,0,0,0
Power Cell Miss,0,0,0,0,0,0,0,0,0,0,0,0,0,0,0,0,0,0,0,0,0
Cycle Completed Status,0,0,0,0,0,0,0,0,0,0,0,0,0,0,0,0,0,0,0,0,0
Control Panel Rotation,0
Control Panel Position,0
Game Park,0
Climb Attempt,0
Climb Success,0
Balance Success,0
Robot Disabled,0
#

Team Name,Tough Techs
Team Number,151
Event Code,WEEK0
Match Num,1
Alliance,Blue
Scout Name,
AUTON Initation Line,0
Power Cell Lower,0,0,0,0,0,0,0,0,0,0,0,0,0,0,0,0,0,0,0,0,0
Power Cell Outer,0,0,0,0,0,0,0,0,0,0,0,0,0,0,0,0,0,0,0,0,0
Power Cell Inner,0,0,0,0,0,0,0,0,0,0,0,0,0,0,0,0,0,0,0,0,0
Power Cell Miss,0,0,0,0,0,0,0,0,0,0,0,0,0,0,0,0,0,0,0,0,0
Cycle Completed Status,0,0,0,0,0,0,0,0,0,0,0,0,0,0,0,0,0,0,0,0,0
Control Panel Rotation,0
Control Panel Position,0
Game Park,0
Climb Attempt,0
Climb Success,0
Balance Success,0
Robot Disabled,0
#
Team Name,Iron Tigers
Team Number,4041
Event Code,WEEK0
Match Num,2
Alliance,Blue
Scout Name,
AUTON Initation Line,0
Power Cell Lower,0,0,0,0,0,0,0,0,0,0,0,0,0,0,0,0,0,0,0,0,0
Power Cell Outer,0,0,0,0,0,0,0,0,0,0,0,0,0,0,0,0,0,0,0,0,0
Power Cell Inner,0,0,0,0,0,0,0,0,0,0,0,0,0,0,0,0,0,0,0,0,0
Power Cell Miss,0,0,0,0,0,0,0,0,0,0,0,0,0,0,0,0,0,0,0,0,0
Cycle Completed Status,0,0,0,0,0,0,0,0,0,0,0,0,0,0,0,0,0,0,0,0,0
Control Panel Rotation,0
Control Panel Position,0
Game Park,0
Climb Attempt,0
Climb Success,0
Balance Success,0
Robot Disabled,0
#
Team Name,The Outliers
Team Number,5687
Event Code,WEEK0
Match Num,3
Alliance,Blue
Scout Name,
AUTON Initation Line,0
Power Cell Lower,0,0,0,0,0,0,0,0,0,0,0,0,0,0,0,0,0,0,0,0,0
Power Cell Outer,0,0,0,0,0,0,0,0,0,0,0,0,0,0,0,0,0,0,0,0,0
Power Cell Inner,0,0,0,0,0,0,0,0,0,0,0,0,0,0,0,0,0,0,0,0,0
Power Cell Miss,0,0,0,0,0,0,0,0,0,0,0,0,0,0,0,0,0,0,0,0,0
Cycle Completed Status,0,0,0,0,0,0,0,0,0,0,0,0,0,0,0,0,0,0,0,0,0
Control Panel Rotation,0
Control Panel Position,0
Game Park,0
Climb Attempt,0
Climb Success,0
Balance Success,0
Robot Disabled,0
#
Team Name,iRaiders
Team Number,2713
Event Code,WEEK0
Match Num,4
Alliance,Blue
Scout Name,
AUTON Initation Line,0
Power Cell Lower,0,0,0,0,0,0,0,0,0,0,0,0,0,0,0,0,0,0,0,0,0
Power Cell Outer,0,0,0,0,0,0,0,0,0,0,0,0,0,0,0,0,0,0,0,0,0
Power Cell Inner,0,0,0,0,0,0,0,0,0,0,0,0,0,0,0,0,0,0,0,0,0
Power Cell Miss,0,0,0,0,0,0,0,0,0,0,0,0,0,0,0,0,0,0,0,0,0
Cycle Completed Status,0,0,0,0,0,0,0,0,0,0,0,0,0,0,0,0,0,0,0,0,0
Control Panel Rotation,0
Control Panel Position,0
Game Park,0
Climb Attempt,0
Climb Success,0
Balance Success,0
Robot Disabled,0
#
Team Name,Crusaders
Team Number,238
Event Code,WEEK0
Match Num,5
Alliance,Blue
Scout Name,
AUTON Initation Line,0
Power Cell Lower,0,0,0,0,0,0,0,0,0,0,0,0,0,0,0,0,0,0,0,0,0
Power Cell Outer,0,0,0,0,0,0,0,0,0,0,0,0,0,0,0,0,0,0,0,0,0
Power Cell Inner,0,0,0,0,0,0,0,0,0,0,0,0,0,0,0,0,0,0,0,0,0
Power Cell Miss,0,0,0,0,0,0,0,0,0,0,0,0,0,0,0,0,0,0,0,0,0
Cycle Completed Status,0,0,0,0,0,0,0,0,0,0,0,0,0,0,0,0,0,0,0,0,0
Control Panel Rotation,0
Control Panel Position,0
Game Park,0
Climb Attempt,0
Climb Success,0
Balance Success,0
Robot Disabled,0
#
Team Name,Andromeda One
Team Number,4905
Event Code,WEEK0
Match Num,6
Alliance,Blue
Scout Name,
AUTON Initation Line,0
Power Cell Lower,0,0,0,0,0,0,0,0,0,0,0,0,0,0,0,0,0,0,0,0,0
Power Cell Outer,0,0,0,0,0,0,0,0,0,0,0,0,0,0,0,0,0,0,0,0,0
Power Cell Inner,0,0,0,0,0,0,0,0,0,0,0,0,0,0,0,0,0,0,0,0,0
Power Cell Miss,0,0,0,0,0,0,0,0,0,0,0,0,0,0,0,0,0,0,0,0,0
Cycle Completed Status,0,0,0,0,0,0,0,0,0,0,0,0,0,0,0,0,0,0,0,0,0
Control Panel Rotation,0
Control Panel Position,0
Game Park,0
Climb Attempt,0
Climb Success,0
Balance Success,0
Robot Disabled,0
#
Team Name,perSEVERE
Team Number,5962
Event Code,WEEK0
Match Num,7
Alliance,Blue
Scout Name,
AUTON Initation Line,0
Power Cell Lower,0,0,0,0,0,0,0,0,0,0,0,0,0,0,0,0,0,0,0,0,0
Power Cell Outer,0,0,0,0,0,0,0,0,0,0,0,0,0,0,0,0,0,0,0,0,0
Power Cell Inner,0,0,0,0,0,0,0,0,0,0,0,0,0,0,0,0,0,0,0,0,0
Power Cell Miss,0,0,0,0,0,0,0,0,0,0,0,0,0,0,0,0,0,0,0,0,0
Cycle Completed Status,0,0,0,0,0,0,0,0,0,0,0,0,0,0,0,0,0,0,0,0,0
Control Panel Rotation,0
Control Panel Position,0
Game Park,0
Climb Attempt,0
Climb Success,0
Balance Success,0
Robot Disabled,0
#
Team Name,Harfangs
Team Number,3117
Event Code,WEEK0
Match Num,8
Alliance,Blue
Scout Name,
AUTON Initation Line,0
Power Cell Lower,0,0,0,0,0,0,0,0,0,0,0,0,0,0,0,0,0,0,0,0,0
Power Cell Outer,0,0,0,0,0,0,0,0,0,0,0,0,0,0,0,0,0,0,0,0,0
Power Cell Inner,0,0,0,0,0,0,0,0,0,0,0,0,0,0,0,0,0,0,0,0,0
Power Cell Miss,0,0,0,0,0,0,0,0,0,0,0,0,0,0,0,0,0,0,0,0,0
Cycle Completed Status,0,0,0,0,0,0,0,0,0,0,0,0,0,0,0,0,0,0,0,0,0
Control Panel Rotation,0
Control Panel Position,0
Game Park,0
Climb Attempt,0
Climb Success,0
Balance Success,0
Robot Disabled,0
#
Team Name,Bionics
Team Number,4909
Event Code,WEEK0
Match Num,9
Alliance,Blue
Scout Name,
AUTON Initation Line,0
Power Cell Lower,0,0,0,0,0,0,0,0,0,0,0,0,0,0,0,0,0,0,0,0,0
Power Cell Outer,0,0,0,0,0,0,0,0,0,0,0,0,0,0,0,0,0,0,0,0,0
Power Cell Inner,0,0,0,0,0,0,0,0,0,0,0,0,0,0,0,0,0,0,0,0,0
Power Cell Miss,0,0,0,0,0,0,0,0,0,0,0,0,0,0,0,0,0,0,0,0,0
Cycle Completed Status,0,0,0,0,0,0,0,0,0,0,0,0,0,0,0,0,0,0,0,0,0
Control Panel Rotation,0
Control Panel Position,0
Game Park,0
Climb Attempt,0
Climb Success,0
Balance Success,0
Robot Disabled,0
#
Team Name,The Revolution
Team Number,1153
Event Code,WEEK0
Match Num,10
Alliance,Blue
Scout Name,
AUTON Initation Line,0
Power Cell Lower,0,0,0,0,0,0,0,0,0,0,0,0,0,0,0,0,0,0,0,0,0
Power Cell Outer,0,0,0,0,0,0,0,0,0,0,0,0,0,0,0,0,0,0,0,0,0
Power Cell Inner,0,0,0,0,0,0,0,0,0,0,0,0,0,0,0,0,0,0,0,0,0
Power Cell Miss,0,0,0,0,0,0,0,0,0,0,0,0,0,0,0,0,0,0,0,0,0
Cycle Completed Status,0,0,0,0,0,0,0,0,0,0,0,0,0,0,0,0,0,0,0,0,0
Control Panel Rotation,0
Control Panel Position,0
Game Park,0
Climb Attempt,0
Climb Success,0
Balance Success,0
Robot Disabled,0
#
Team Name,Northern Knights
Team Number,296
Event Code,WEEK0
Match Num,11
Alliance,Blue
Scout Name,
AUTON Initation Line,0
Power Cell Lower,0,0,0,0,0,0,0,0,0,0,0,0,0,0,0,0,0,0,0,0,0
Power Cell Outer,0,0,0,0,0,0,0,0,0,0,0,0,0,0,0,0,0,0,0,0,0
Power Cell Inner,0,0,0,0,0,0,0,0,0,0,0,0,0,0,0,0,0,0,0,0,0
Power Cell Miss,0,0,0,0,0,0,0,0,0,0,0,0,0,0,0,0,0,0,0,0,0
Cycle Completed Status,0,0,0,0,0,0,0,0,0,0,0,0,0,0,0,0,0,0,0,0,0
Control Panel Rotation,0
Control Panel Position,0
Game Park,0
Climb Attempt,0
Climb Success,0
Balance Success,0
Robot Disabled,0
#
Team Name,Windham Windup
Team Number,3467
Event Code,WEEK0
Match Num,12
Alliance,Blue
Scout Name,
AUTON Initation Line,0
Power Cell Lower,0,0,0,0,0,0,0,0,0,0,0,0,0,0,0,0,0,0,0,0,0
Power Cell Outer,0,0,0,0,0,0,0,0,0,0,0,0,0,0,0,0,0,0,0,0,0
Power Cell Inner,0,0,0,0,0,0,0,0,0,0,0,0,0,0,0,0,0,0,0,0,0
Power Cell Miss,0,0,0,0,0,0,0,0,0,0,0,0,0,0,0,0,0,0,0,0,0
Cycle Completed Status,0,0,0,0,0,0,0,0,0,0,0,0,0,0,0,0,0,0,0,0,0
Control Panel Rotation,0
Control Panel Position,0
Game Park,0
Climb Attempt,0
Climb Success,0
Balance Success,0
Robot Disabled,0
#
Team Name,The PowerKnights
Team Number,501
Event Code,WEEK0
Match Num,13
Alliance,Blue
Scout Name,
AUTON Initation Line,0
Power Cell Lower,0,0,0,0,0,0,0,0,0,0,0,0,0,0,0,0,0,0,0,0,0
Power Cell Outer,0,0,0,0,0,0,0,0,0,0,0,0,0,0,0,0,0,0,0,0,0
Power Cell Inner,0,0,0,0,0,0,0,0,0,0,0,0,0,0,0,0,0,0,0,0,0
Power Cell Miss,0,0,0,0,0,0,0,0,0,0,0,0,0,0,0,0,0,0,0,0,0
Cycle Completed Status,0,0,0,0,0,0,0,0,0,0,0,0,0,0,0,0,0,0,0,0,0
Control Panel Rotation,0
Control Panel Position,0
Game Park,0
Climb Attempt,0
Climb Success,0
Balance Success,0
Robot Disabled,0
#
Team Name,4H ALARM Robotics
Team Number,2079
Event Code,WEEK0
Match Num,14
Alliance,Blue
Scout Name,
AUTON Initation Line,0
Power Cell Lower,0,0,0,0,0,0,0,0,0,0,0,0,0,0,0,0,0,0,0,0,0
Power Cell Outer,0,0,0,0,0,0,0,0,0,0,0,0,0,0,0,0,0,0,0,0,0
Power Cell Inner,0,0,0,0,0,0,0,0,0,0,0,0,0,0,0,0,0,0,0,0,0
Power Cell Miss,0,0,0,0,0,0,0,0,0,0,0,0,0,0,0,0,0,0,0,0,0
Cycle Completed Status,0,0,0,0,0,0,0,0,0,0,0,0,0,0,0,0,0,0,0,0,0
Control Panel Rotation,0
Control Panel Position,0
Game Park,0
Climb Attempt,0
Climb Success,0
Balance Success,0
Robot Disabled,0
#
