Team Number,Team Name,Match Number,Comp ID,Scout Name,Initiation Line,(A) Lower PC,(A) Outer PC,(A) Inner PC,(A) Missed PC,(A) Made/Shot PC,(A) Points,(T) Lower PC,(T) Outer PC,(T) Inner PC,(T) Missed PC,(T) Made:Shot PC,(T) Cycles,(T) Shot/Cycle PC,(T) Scored/Cycle,(T) Control Panel Rotation,(T) Control Panel Position,(T) Points,(E) Parked,(E) Attemped Climb,(E) Successful Climb,(E) Balanced Climb,(G) Robot Disabled,(E) Points, TOTAL SCORE
8179,Robo-Falcons,1,misou,,0,0,0,0,0,0.0%,0,0,0,0,0,0.0%,0,1,1,0,0,0,0,0,0,0,0,0,0
6120,CyberStangs,2,misou,,0,0,0,0,0,0.0%,0,0,0,0,0,0.0%,0,1,1,0,0,0,0,0,0,0,0,0,0
5531,Orange Crush,3,misou,,0,0,0,0,0,0.0%,0,0,0,0,0,0.0%,0,1,1,0,0,0,0,0,0,0,0,0,0
4130,The Blue Devils,4,misou,,0,0,0,0,0,0.0%,0,0,0,0,0,0.0%,0,1,1,0,0,0,0,0,0,0,0,0,0
573,Mech Warriors,5,misou,,0,0,0,0,0,0.0%,0,0,0,0,0,0.0%,0,1,1,0,0,0,0,0,0,0,0,0,0
5214,The Mighty CavBots,6,misou,,0,0,0,0,0,0.0%,0,0,0,0,0,0.0%,0,1,1,0,0,0,0,0,0,0,0,0,0
5577,Kinematic Wolves,7,misou,,0,0,0,0,0,0.0%,0,0,0,0,0,0.0%,0,1,1,0,0,0,0,0,0,0,0,0,0
5532,The G.O.A.T.S,8,misou,,0,0,0,0,0,0.0%,0,0,0,0,0,0.0%,0,1,1,0,0,0,0,0,0,0,0,0,0
6013,Robowolves,9,misou,,0,0,0,0,0,0.0%,0,0,0,0,0,0.0%,0,1,1,0,0,0,0,0,0,0,0,0,0
240,TEMPEST,10,misou,,0,0,0,0,0,0.0%,0,0,0,0,0,0.0%,0,1,1,0,0,0,0,0,0,0,0,0,0
5695,Heavy Duty Eagles,11,misou,,0,0,0,0,0,0.0%,0,0,0,0,0,0.0%,0,1,1,0,0,0,0,0,0,0,0,0,0
33,Killer Bees,12,misou,,0,0,0,0,0,0.0%,0,0,0,0,0,0.0%,0,1,1,0,0,0,0,0,0,0,0,0,0
247,Da Bears,13,misou,,0,0,0,0,0,0.0%,0,0,0,0,0,0.0%,0,1,1,0,0,0,0,0,0,0,0,0,0
3414,Hackbots,14,misou,,0,0,0,0,0,0.0%,0,0,0,0,0,0.0%,0,1,1,0,0,0,0,0,0,0,0,0,0
6013,Robowolves,15,misou,,0,0,0,0,0,0.0%,0,0,0,0,0,0.0%,0,1,1,0,0,0,0,0,0,0,0,0,0
7865,Hope of Detroit Robotics,16,misou,,0,0,0,0,0,0.0%,0,0,0,0,0,0.0%,0,1,1,0,0,0,0,0,0,0,0,0,0
5090,TorqueNados,17,misou,,0,0,0,0,0,0.0%,0,0,0,0,0,0.0%,0,1,1,0,0,0,0,0,0,0,0,0,0
6120,CyberStangs,18,misou,,0,0,0,0,0,0.0%,0,0,0,0,0,0.0%,0,1,1,0,0,0,0,0,0,0,0,0,0
7191,ABT Gators,19,misou,,0,0,0,0,0,0.0%,0,0,0,0,0,0.0%,0,1,1,0,0,0,0,0,0,0,0,0,0
548,Robostangs,20,misou,,0,0,0,0,0,0.0%,0,0,0,0,0,0.0%,0,1,1,0,0,0,0,0,0,0,0,0,0
33,Killer Bees,21,misou,,0,0,0,0,0,0.0%,0,0,0,0,0,0.0%,0,1,1,0,0,0,0,0,0,0,0,0,0
5695,Heavy Duty Eagles,22,misou,,0,0,0,0,0,0.0%,0,0,0,0,0,0.0%,0,1,1,0,0,0,0,0,0,0,0,0,0
835,The Sting,23,misou,,0,0,0,0,0,0.0%,0,0,0,0,0,0.0%,0,1,1,0,0,0,0,0,0,0,0,0,0
7856,UPAD Fusion,24,misou,,0,0,0,0,0,0.0%,0,0,0,0,0,0.0%,0,1,1,0,0,0,0,0,0,0,0,0,0
4768,Cody Comets,25,misou,,0,0,0,0,0,0.0%,0,0,0,0,0,0.0%,0,1,1,0,0,0,0,0,0,0,0,0,0
7692,Beach Bums,26,misou,,0,0,0,0,0,0.0%,0,0,0,0,0,0.0%,0,1,1,0,0,0,0,0,0,0,0,0,0
548,Robostangs,27,misou,,0,0,0,0,0,0.0%,0,0,0,0,0,0.0%,0,1,1,0,0,0,0,0,0,0,0,0,0
5577,Kinematic Wolves,28,misou,,0,0,0,0,0,0.0%,0,0,0,0,0,0.0%,0,1,1,0,0,0,0,0,0,0,0,0,0
835,The Sting,29,misou,,0,0,0,0,0,0.0%,0,0,0,0,0,0.0%,0,1,1,0,0,0,0,0,0,0,0,0,0
240,TEMPEST,30,misou,,0,0,0,0,0,0.0%,0,0,0,0,0,0.0%,0,1,1,0,0,0,0,0,0,0,0,0,0
3096,The Village Bulldogs,31,misou,,0,0,0,0,0,0.0%,0,0,0,0,0,0.0%,0,1,1,0,0,0,0,0,0,0,0,0,0
4854,Trobots,32,misou,,0,0,0,0,0,0.0%,0,0,0,0,0,0.0%,0,1,1,0,0,0,0,0,0,0,0,0,0
3414,Hackbots,33,misou,,0,0,0,0,0,0.0%,0,0,0,0,0,0.0%,0,1,1,0,0,0,0,0,0,0,0,0,0
4768,Cody Comets,34,misou,,0,0,0,0,0,0.0%,0,0,0,0,0,0.0%,0,1,1,0,0,0,0,0,0,0,0,0,0
5498,The Wired Devils,35,misou,,0,0,0,0,0,0.0%,0,0,0,0,0,0.0%,0,1,1,0,0,0,0,0,0,0,0,0,0
5756,REC'in Crew,36,misou,,0,0,0,0,0,0.0%,0,0,0,0,0,0.0%,0,1,1,0,0,0,0,0,0,0,0,0,0
7865,Hope of Detroit Robotics,37,misou,,0,0,0,0,0,0.0%,0,0,0,0,0,0.0%,0,1,1,0,0,0,0,0,0,0,0,0,0
7716,JLW Formula 01,38,misou,,0,0,0,0,0,0.0%,0,0,0,0,0,0.0%,0,1,1,0,0,0,0,0,0,0,0,0,0
4758,RoboBlazers,39,misou,,0,0,0,0,0,0.0%,0,0,0,0,0,0.0%,0,1,1,0,0,0,0,0,0,0,0,0,0
7232,Pharaohs,40,misou,,0,0,0,0,0,0.0%,0,0,0,0,0,0.0%,0,1,1,0,0,0,0,0,0,0,0,0,0
4768,Cody Comets,41,misou,,0,0,0,0,0,0.0%,0,0,0,0,0,0.0%,0,1,1,0,0,0,0,0,0,0,0,0,0
1481,The Riveters,42,misou,,0,0,0,0,0,0.0%,0,0,0,0,0,0.0%,0,1,1,0,0,0,0,0,0,0,0,0,0
6742,Augmented Jays,43,misou,,0,0,0,0,0,0.0%,0,0,0,0,0,0.0%,0,1,1,0,0,0,0,0,0,0,0,0,0
6013,Robowolves,44,misou,,0,0,0,0,0,0.0%,0,0,0,0,0,0.0%,0,1,1,0,0,0,0,0,0,0,0,0,0
1481,The Riveters,45,misou,,0,0,0,0,0,0.0%,0,0,0,0,0,0.0%,0,1,1,0,0,0,0,0,0,0,0,0,0
4840,The Panthers,46,misou,,0,0,0,0,0,0.0%,0,0,0,0,0,0.0%,0,1,1,0,0,0,0,0,0,0,0,0,0
5197,DCP @ NW,47,misou,,0,0,0,0,0,0.0%,0,0,0,0,0,0.0%,0,1,1,0,0,0,0,0,0,0,0,0,0
7692,Beach Bums,48,misou,,0,0,0,0,0,0.0%,0,0,0,0,0,0.0%,0,1,1,0,0,0,0,0,0,0,0,0,0
5498,The Wired Devils,49,misou,,0,0,0,0,0,0.0%,0,0,0,0,0,0.0%,0,1,1,0,0,0,0,0,0,0,0,0,0
5695,Heavy Duty Eagles,50,misou,,0,0,0,0,0,0.0%,0,0,0,0,0,0.0%,0,1,1,0,0,0,0,0,0,0,0,0,0
240,TEMPEST,51,misou,,0,0,0,0,0,0.0%,0,0,0,0,0,0.0%,0,1,1,0,0,0,0,0,0,0,0,0,0
3414,Hackbots,52,misou,,0,0,0,0,0,0.0%,0,0,0,0,0,0.0%,0,1,1,0,0,0,0,0,0,0,0,0,0
94,The  Ninetyfouriors,53,misou,,0,0,0,0,0,0.0%,0,0,0,0,0,0.0%,0,1,1,0,0,0,0,0,0,0,0,0,0
7145,Hurricanes,54,misou,,0,0,0,0,0,0.0%,0,0,0,0,0,0.0%,0,1,1,0,0,0,0,0,0,0,0,0,0
8280,The School at Marygrove,55,misou,Cheston,1,0,0,0,0,0.0%,5,0,0,0,0,0.0%,0,1,1,0,0,0,0,0,0,0,0,0,5
3538,RoboJackets,56,misou,Cheston,1,0,1,2,0,100.0%,21,0,18,9,0,100.0%,6,4.5,4.5,0,0,63,0,0,1,1,0,40,124
7716,JLW Formula 01,57,misou,Theron,0,0,0,0,0,0.0%,0,0,0,0,0,0.0%,0,1,1,0,0,0,0,0,0,0,0,0,0
7191,ABT Gators,58,misou, Ther on,1,0,0,0,0,0.0%,5,0,0,0,0,0.0%,0,1,1,0,0,0,1,0,0,0,0,5,10
573,Mech Warriors,59,misou,Theron,1,0,1,0,2,33.33333333333333%,9,0,7,0,0,100.0%,3,2.3333333333333335,2.3333333333333335,0,0,14,0,1,1,0,0,25,48
5090,TorqueNados,60,misou, Theron,1,0,0,0,0,0.0%,5,0,0,0,0,0.0%,0,1,1,0,0,0,1,1,0,0,0,5,10
4758,RoboBlazers,61,misou,quincy,1,0,0,0,0,0.0%,5,1,0,1,0,100.0%,2,1.0,1.0,0,0,4,1,1,0,0,0,5,14
8280,The School at Marygrove,62,misou, Theron,1,0,0,0,0,0.0%,5,0,0,0,0,0.0%,0,1,1,0,0,0,1,0,0,0,0,5,10
247,Da Bears dabears,63,misou, Theron,0,0,0,0,0,0.0%,0,0,0,0,0,0.0%,0,1,1,0,0,0,0,0,0,0,150,0,0
7145,Hurricanes,64,misou,quincy,1,0,0,0,0,0.0%,5,0,0,0,0,0.0%,0,1,1,0,0,0,1,0,0,0,0,5,10
835,The Sting,65,misou,,0,0,0,0,0,0.0%,0,0,0,0,0,0.0%,0,1,1,0,0,0,0,0,0,0,0,0,0
7692,Beach Bums,66,misou,,0,0,0,0,0,0.0%,0,0,0,0,0,0.0%,0,1,1,0,0,0,0,0,0,0,0,0,0
548,Robostangs,67,misou,,0,0,0,0,0,0.0%,0,0,0,0,0,0.0%,0,1,1,0,0,0,0,0,0,0,0,0,0
33,Killer Bees,68,misou,,0,0,0,0,0,0.0%,0,0,0,0,0,0.0%,0,1,1,0,0,0,0,0,0,0,0,0,0
4854,Trobots,69,misou,,0,0,0,0,0,0.0%,0,0,0,0,0,0.0%,0,1,1,0,0,0,0,0,0,0,0,0,0
7145,Hurricanes,70,misou,,0,0,0,0,0,0.0%,0,0,0,0,0,0.0%,0,1,1,0,0,0,0,0,0,0,0,0,0
5214,The Mighty CavBots,71,misou,,0,0,0,0,0,0.0%,0,0,0,0,0,0.0%,0,1,1,0,0,0,0,0,0,0,0,0,0
7865,Hope of Detroit Robotics,72,misou,,0,0,0,0,0,0.0%,0,0,0,0,0,0.0%,0,1,1,0,0,0,0,0,0,0,0,0,0
1481,The Riveters,73,misou,,0,0,0,0,0,0.0%,0,0,0,0,0,0.0%,0,1,1,0,0,0,0,0,0,0,0,0,0
4840,The Panthers,74,misou,,0,0,0,0,0,0.0%,0,0,0,0,0,0.0%,0,1,1,0,0,0,0,0,0,0,0,0,0
5090,TorqueNados,75,misou,,0,0,0,0,0,0.0%,0,0,0,0,0,0.0%,0,1,1,0,0,0,0,0,0,0,0,0,0
7191,ABT Gators,76,misou,,0,0,0,0,0,0.0%,0,0,0,0,0,0.0%,0,1,1,0,0,0,0,0,0,0,0,0,0
4854,Trobots,1,misou,,0,0,0,0,0,0.0%,0,0,0,0,0,0.0%,0,1,1,0,0,0,0,0,0,0,0,0,0
5498,The Wired Devils,2,misou,,0,0,0,0,0,0.0%,0,0,0,0,0,0.0%,0,1,1,0,0,0,0,0,0,0,0,0,0
33,Killer Bees,3,misou,,0,0,0,0,0,0.0%,0,0,0,0,0,0.0%,0,1,1,0,0,0,0,0,0,0,0,0,0
94,The  Ninetyfouriors,4,misou,,0,0,0,0,0,0.0%,0,0,0,0,0,0.0%,0,1,1,0,0,0,0,0,0,0,0,0,0
4758,RoboBlazers,5,misou,,0,0,0,0,0,0.0%,0,0,0,0,0,0.0%,0,1,1,0,0,0,0,0,0,0,0,0,0
3414,Hackbots,6,misou,,0,0,0,0,0,0.0%,0,0,0,0,0,0.0%,0,1,1,0,0,0,0,0,0,0,0,0,0
4130,The Blue Devils,7,misou,,0,0,0,0,0,0.0%,0,0,0,0,0,0.0%,0,1,1,0,0,0,0,0,0,0,0,0,0
6120,CyberStangs,8,misou,,0,0,0,0,0,0.0%,0,0,0,0,0,0.0%,0,1,1,0,0,0,0,0,0,0,0,0,0
8280,The School at Marygrove,9,misou,,0,0,0,0,0,0.0%,0,0,0,0,0,0.0%,0,1,1,0,0,0,0,0,0,0,0,0,0
2591,RedTails,10,misou,,0,0,0,0,0,0.0%,0,0,0,0,0,0.0%,0,1,1,0,0,0,0,0,0,0,0,0,0
1481,The Riveters,11,misou,,0,0,0,0,0,0.0%,0,0,0,0,0,0.0%,0,1,1,0,0,0,0,0,0,0,0,0,0
7692,Beach Bums,12,misou,,0,0,0,0,0,0.0%,0,0,0,0,0,0.0%,0,1,1,0,0,0,0,0,0,0,0,0,0
7865,Hope of Detroit Robotics,13,misou,,0,0,0,0,0,0.0%,0,0,0,0,0,0.0%,0,1,1,0,0,0,0,0,0,0,0,0,0
835,The Sting,14,misou,,0,0,0,0,0,0.0%,0,0,0,0,0,0.0%,0,1,1,0,0,0,0,0,0,0,0,0,0
4130,The Blue Devils,15,misou,,0,0,0,0,0,0.0%,0,0,0,0,0,0.0%,0,1,1,0,0,0,0,0,0,0,0,0,0
7856,UPAD Fusion,16,misou,,0,0,0,0,0,0.0%,0,0,0,0,0,0.0%,0,1,1,0,0,0,0,0,0,0,0,0,0
5498,The Wired Devils,17,misou,,0,0,0,0,0,0.0%,0,0,0,0,0,0.0%,0,1,1,0,0,0,0,0,0,0,0,0,0
94,The  Ninetyfouriors,18,misou,,0,0,0,0,0,0.0%,0,0,0,0,0,0.0%,0,1,1,0,0,0,0,0,0,0,0,0,0
3538,RoboJackets,19,misou,,0,0,0,0,0,0.0%,0,0,0,0,0,0.0%,0,1,1,0,0,0,0,0,0,0,0,0,0
5531,Orange Crush,20,misou,,0,0,0,0,0,0.0%,0,0,0,0,0,0.0%,0,1,1,0,0,0,0,0,0,0,0,0,0
7232,Pharaohs,21,misou,,0,0,0,0,0,0.0%,0,0,0,0,0,0.0%,0,1,1,0,0,0,0,0,0,0,0,0,0
94,The  Ninetyfouriors,22,misou,,0,0,0,0,0,0.0%,0,0,0,0,0,0.0%,0,1,1,0,0,0,0,0,0,0,0,0,0
6013,Robowolves,23,misou,,0,0,0,0,0,0.0%,0,0,0,0,0,0.0%,0,1,1,0,0,0,0,0,0,0,0,0,0
3414,Hackbots,24,misou,,0,0,0,0,0,0.0%,0,0,0,0,0,0.0%,0,1,1,0,0,0,0,0,0,0,0,0,0
5214,The Mighty CavBots,25,misou,,0,0,0,0,0,0.0%,0,0,0,0,0,0.0%,0,1,1,0,0,0,0,0,0,0,0,0,0
8280,The School at Marygrove,26,misou,,0,0,0,0,0,0.0%,0,0,0,0,0,0.0%,0,1,1,0,0,0,0,0,0,0,0,0,0
3414,Hackbots,27,misou,,0,0,0,0,0,0.0%,0,0,0,0,0,0.0%,0,1,1,0,0,0,0,0,0,0,0,0,0
6742,Augmented Jays,28,misou,,0,0,0,0,0,0.0%,0,0,0,0,0,0.0%,0,1,1,0,0,0,0,0,0,0,0,0,0
7856,UPAD Fusion,29,misou,,0,0,0,0,0,0.0%,0,0,0,0,0,0.0%,0,1,1,0,0,0,0,0,0,0,0,0,0
7191,ABT Gators,30,misou,,0,0,0,0,0,0.0%,0,0,0,0,0,0.0%,0,1,1,0,0,0,0,0,0,0,0,0,0
7865,Hope of Detroit Robotics,31,misou,,0,0,0,0,0,0.0%,0,0,0,0,0,0.0%,0,1,1,0,0,0,0,0,0,0,0,0,0
247,Da Bears,32,misou,,0,0,0,0,0,0.0%,0,0,0,0,0,0.0%,0,1,1,0,0,0,0,0,0,0,0,0,0
5531,Orange Crush,33,misou,,0,0,0,0,0,0.0%,0,0,0,0,0,0.0%,0,1,1,0,0,0,0,0,0,0,0,0,0
573,Mech Warriors,34,misou,,0,0,0,0,0,0.0%,0,0,0,0,0,0.0%,0,1,1,0,0,0,0,0,0,0,0,0,0
3538,RoboJackets,35,misou,,0,0,0,0,0,0.0%,0,0,0,0,0,0.0%,0,1,1,0,0,0,0,0,0,0,0,0,0
2591,RedTails,36,misou,,0,0,0,0,0,0.0%,0,0,0,0,0,0.0%,0,1,1,0,0,0,0,0,0,0,0,0,0
5695,Heavy Duty Eagles,37,misou,,0,0,0,0,0,0.0%,0,0,0,0,0,0.0%,0,1,1,0,0,0,0,0,0,0,0,0,0
5090,TorqueNados,38,misou,,0,0,0,0,0,0.0%,0,0,0,0,0,0.0%,0,1,1,0,0,0,0,0,0,0,0,0,0
7145,Hurricanes,39,misou,,0,0,0,0,0,0.0%,0,0,0,0,0,0.0%,0,1,1,0,0,0,0,0,0,0,0,0,0
7856,UPAD Fusion,40,misou,,0,0,0,0,0,0.0%,0,0,0,0,0,0.0%,0,1,1,0,0,0,0,0,0,0,0,0,0
5197,DCP @ NW,41,misou,,0,0,0,0,0,0.0%,0,0,0,0,0,0.0%,0,1,1,0,0,0,0,0,0,0,0,0,0
5532,The G.O.A.T.S,42,misou,,0,0,0,0,0,0.0%,0,0,0,0,0,0.0%,0,1,1,0,0,0,0,0,0,0,0,0,0
240,TEMPEST,43,misou,,0,0,0,0,0,0.0%,0,0,0,0,0,0.0%,0,1,1,0,0,0,0,0,0,0,0,0,0
4854,Trobots,44,misou,,0,0,0,0,0,0.0%,0,0,0,0,0,0.0%,0,1,1,0,0,0,0,0,0,0,0,0,0
4130,The Blue Devils,45,misou,,0,0,0,0,0,0.0%,0,0,0,0,0,0.0%,0,1,1,0,0,0,0,0,0,0,0,0,0
3538,RoboJackets,46,misou,,0,0,0,0,0,0.0%,0,0,0,0,0,0.0%,0,1,1,0,0,0,0,0,0,0,0,0,0
5214,The Mighty CavBots,47,misou,,0,0,0,0,0,0.0%,0,0,0,0,0,0.0%,0,1,1,0,0,0,0,0,0,0,0,0,0
6013,Robowolves,48,misou,,0,0,0,0,0,0.0%,0,0,0,0,0,0.0%,0,1,1,0,0,0,0,0,0,0,0,0,0
8179,Robo-Falcons,49,misou,,0,0,0,0,0,0.0%,0,0,0,0,0,0.0%,0,1,1,0,0,0,0,0,0,0,0,0,0
548,Robostangs,50,misou,,0,0,0,0,0,0.0%,0,0,0,0,0,0.0%,0,1,1,0,0,0,0,0,0,0,0,0,0
7232,Pharaohs,51,misou,,0,0,0,0,0,0.0%,0,0,0,0,0,0.0%,0,1,1,0,0,0,0,0,0,0,0,0,0
5197,DCP @ NW,52,misou,,0,0,0,0,0,0.0%,0,0,0,0,0,0.0%,0,1,1,0,0,0,0,0,0,0,0,0,0
6742,Augmented Jays,53,misou,,0,0,0,0,0,0.0%,0,0,0,0,0,0.0%,0,1,1,0,0,0,0,0,0,0,0,0,0
5756,REC'in Crew,54,misou,,0,0,0,0,0,0.0%,0,0,0,0,0,0.0%,0,1,1,0,0,0,0,0,0,0,0,0,0
4768,Cody Comets,55,misou,Alex,1,0,3,0,0,100.0%,17,0,0,0,0,0.0%,0,1,1,0,0,0,1,1,0,0,0,5,22
3096,The Village Bulldogs,56,misou,Alex,0,0,0,0,0,0.0%,0,0,0,0,0,0.0%,0,1,1,0,0,0,0,0,0,0,0,0,0
4840,The Panthers,57,misou,Alex,1,0,0,0,0,0.0%,5,0,0,0,0,0.0%,0,1,1,0,0,0,1,0,0,0,0,5,10
6120,CyberStangs,58,misou,Alex,1,0,0,0,0,0.0%,5,0,12,0,1,92.3076923076923%,3,4.333333333333333,4.0,0,0,24,1,0,0,0,0,5,34
5695,Heavy Duty Eagles,59,misou,Alex,1,0,0,0,0,0.0%,5,0,2,1,1,75.0%,2,2.0,1.5,0,0,7,1,0,0,0,0,5,17
5214,The Mighty CavBots,60,misou,Alex,1,0,0,0,0,0.0%,5,6,0,0,1,85.71428571428571%,2,3.5,3.0,0,0,6,1,1,0,0,0,5,16
6013,Robowolves,61,misou,Alex,1,0,2,0,0,100.0%,13,1,0,0,1,50.0%,1,2.0,1.0,0,0,1,1,1,0,0,0,5,19
835,The Sting,62,misou,Alex,1,0,0,0,1,0.0%,5,0,2,0,5,28.57142857142857%,7,1.0,0.2857142857142857,0,0,4,1,0,0,0,0,5,14
7716,JLW Formula 01,63,misou,Alex,0,0,0,0,0,0.0%,0,0,0,0,1,0.0%,1,1.0,0.0,0,0,0,1,0,0,0,0,5,5
3096,The Village Bulldogs,64,misou,Alex,0,0,0,0,0,0.0%,0,15,0,0,0,100.0%,4,3.75,3.75,0,0,15,0,0,0,0,0,0,15
8179,Robo-Falcons,65,misou,,0,0,0,0,0,0.0%,0,0,0,0,0,0.0%,0,1,1,0,0,0,0,0,0,0,0,0,0
4840,The Panthers,66,misou,,0,0,0,0,0,0.0%,0,0,0,0,0,0.0%,0,1,1,0,0,0,0,0,0,0,0,0,0
4130,The Blue Devils,67,misou,,0,0,0,0,0,0.0%,0,0,0,0,0,0.0%,0,1,1,0,0,0,0,0,0,0,0,0,0
2591,RedTails,68,misou,,0,0,0,0,0,0.0%,0,0,0,0,0,0.0%,0,1,1,0,0,0,0,0,0,0,0,0,0
1481,The Riveters,69,misou,,0,0,0,0,0,0.0%,0,0,0,0,0,0.0%,0,1,1,0,0,0,0,0,0,0,0,0,0
5577,Kinematic Wolves,70,misou,,0,0,0,0,0,0.0%,0,0,0,0,0,0.0%,0,1,1,0,0,0,0,0,0,0,0,0,0
2591,RedTails,71,misou,,0,0,0,0,0,0.0%,0,0,0,0,0,0.0%,0,1,1,0,0,0,0,0,0,0,0,0,0
573,Mech Warriors,72,misou,,0,0,0,0,0,0.0%,0,0,0,0,0,0.0%,0,1,1,0,0,0,0,0,0,0,0,0,0
3538,RoboJackets,73,misou,,0,0,0,0,0,0.0%,0,0,0,0,0,0.0%,0,1,1,0,0,0,0,0,0,0,0,0,0
7145,Hurricanes,74,misou,,0,0,0,0,0,0.0%,0,0,0,0,0,0.0%,0,1,1,0,0,0,0,0,0,0,0,0,0
4758,RoboBlazers,75,misou,,0,0,0,0,0,0.0%,0,0,0,0,0,0.0%,0,1,1,0,0,0,0,0,0,0,0,0,0
3096,The Village Bulldogs,76,misou,,0,0,0,0,0,0.0%,0,0,0,0,0,0.0%,0,1,1,0,0,0,0,0,0,0,0,0,0
5197,DCP @ NW,1,misou,,0,0,0,0,0,0.0%,0,0,0,0,0,0.0%,0,1,1,0,0,0,0,0,0,0,0,0,0
240,TEMPEST,2,misou,,0,0,0,0,0,0.0%,0,0,0,0,0,0.0%,0,1,1,0,0,0,0,0,0,0,0,0,0
7145,Hurricanes,3,misou,,0,0,0,0,0,0.0%,0,0,0,0,0,0.0%,0,1,1,0,0,0,0,0,0,0,0,0,0
5532,The G.O.A.T.S,4,misou,,0,0,0,0,0,0.0%,0,0,0,0,0,0.0%,0,1,1,0,0,0,0,0,0,0,0,0,0
8280,The School at Marygrove,5,misou,,0,0,0,0,0,0.0%,0,0,0,0,0,0.0%,0,1,1,0,0,0,0,0,0,0,0,0,0
6742,Augmented Jays,6,misou,,0,0,0,0,0,0.0%,0,0,0,0,0,0.0%,0,1,1,0,0,0,0,0,0,0,0,0,0
5756,REC'in Crew,7,misou,,0,0,0,0,0,0.0%,0,0,0,0,0,0.0%,0,1,1,0,0,0,0,0,0,0,0,0,0
7856,UPAD Fusion,8,misou,,0,0,0,0,0,0.0%,0,0,0,0,0,0.0%,0,1,1,0,0,0,0,0,0,0,0,0,0
5214,The Mighty CavBots,9,misou,,0,0,0,0,0,0.0%,0,0,0,0,0,0.0%,0,1,1,0,0,0,0,0,0,0,0,0,0
7716,JLW Formula 01,10,misou,,0,0,0,0,0,0.0%,0,0,0,0,0,0.0%,0,1,1,0,0,0,0,0,0,0,0,0,0
6742,Augmented Jays,11,misou,,0,0,0,0,0,0.0%,0,0,0,0,0,0.0%,0,1,1,0,0,0,0,0,0,0,0,0,0
94,The  Ninetyfouriors,12,misou,,0,0,0,0,0,0.0%,0,0,0,0,0,0.0%,0,1,1,0,0,0,0,0,0,0,0,0,0
2591,RedTails,13,misou,,0,0,0,0,0,0.0%,0,0,0,0,0,0.0%,0,1,1,0,0,0,0,0,0,0,0,0,0
4854,Trobots,14,misou,,0,0,0,0,0,0.0%,0,0,0,0,0,0.0%,0,1,1,0,0,0,0,0,0,0,0,0,0
7716,JLW Formula 01,15,misou,,0,0,0,0,0,0.0%,0,0,0,0,0,0.0%,0,1,1,0,0,0,0,0,0,0,0,0,0
4840,The Panthers,16,misou,,0,0,0,0,0,0.0%,0,0,0,0,0,0.0%,0,1,1,0,0,0,0,0,0,0,0,0,0
7692,Beach Bums,17,misou,,0,0,0,0,0,0.0%,0,0,0,0,0,0.0%,0,1,1,0,0,0,0,0,0,0,0,0,0
5577,Kinematic Wolves,18,misou,,0,0,0,0,0,0.0%,0,0,0,0,0,0.0%,0,1,1,0,0,0,0,0,0,0,0,0,0
5695,Heavy Duty Eagles,19,misou,,0,0,0,0,0,0.0%,0,0,0,0,0,0.0%,0,1,1,0,0,0,0,0,0,0,0,0,0
5090,TorqueNados,20,misou,,0,0,0,0,0,0.0%,0,0,0,0,0,0.0%,0,1,1,0,0,0,0,0,0,0,0,0,0
5756,REC'in Crew,21,misou,,0,0,0,0,0,0.0%,0,0,0,0,0,0.0%,0,1,1,0,0,0,0,0,0,0,0,0,0
3096,The Village Bulldogs,22,misou,,0,0,0,0,0,0.0%,0,0,0,0,0,0.0%,0,1,1,0,0,0,0,0,0,0,0,0,0
1481,The Riveters,23,misou,,0,0,0,0,0,0.0%,0,0,0,0,0,0.0%,0,1,1,0,0,0,0,0,0,0,0,0,0
247,Da Bears,24,misou,,0,0,0,0,0,0.0%,0,0,0,0,0,0.0%,0,1,1,0,0,0,0,0,0,0,0,0,0
4758,RoboBlazers,25,misou,,0,0,0,0,0,0.0%,0,0,0,0,0,0.0%,0,1,1,0,0,0,0,0,0,0,0,0,0
8179,Robo-Falcons,26,misou,,0,0,0,0,0,0.0%,0,0,0,0,0,0.0%,0,1,1,0,0,0,0,0,0,0,0,0,0
4840,The Panthers,27,misou,,0,0,0,0,0,0.0%,0,0,0,0,0,0.0%,0,1,1,0,0,0,0,0,0,0,0,0,0
7716,JLW Formula 01,28,misou,,0,0,0,0,0,0.0%,0,0,0,0,0,0.0%,0,1,1,0,0,0,0,0,0,0,0,0,0
33,Killer Bees,29,misou,,0,0,0,0,0,0.0%,0,0,0,0,0,0.0%,0,1,1,0,0,0,0,0,0,0,0,0,0
5532,The G.O.A.T.S,30,misou,,0,0,0,0,0,0.0%,0,0,0,0,0,0.0%,0,1,1,0,0,0,0,0,0,0,0,0,0
5090,TorqueNados,31,misou,,0,0,0,0,0,0.0%,0,0,0,0,0,0.0%,0,1,1,0,0,0,0,0,0,0,0,0,0
548,Robostangs,32,misou,,0,0,0,0,0,0.0%,0,0,0,0,0,0.0%,0,1,1,0,0,0,0,0,0,0,0,0,0
7232,Pharaohs,33,misou,,0,0,0,0,0,0.0%,0,0,0,0,0,0.0%,0,1,1,0,0,0,0,0,0,0,0,0,0
5532,The G.O.A.T.S,34,misou,,0,0,0,0,0,0.0%,0,0,0,0,0,0.0%,0,1,1,0,0,0,0,0,0,0,0,0,0
4130,The Blue Devils,35,misou,,0,0,0,0,0,0.0%,0,0,0,0,0,0.0%,0,1,1,0,0,0,0,0,0,0,0,0,0
7856,UPAD Fusion,36,misou,,0,0,0,0,0,0.0%,0,0,0,0,0,0.0%,0,1,1,0,0,0,0,0,0,0,0,0,0
4854,Trobots,37,misou,,0,0,0,0,0,0.0%,0,0,0,0,0,0.0%,0,1,1,0,0,0,0,0,0,0,0,0,0
6120,CyberStangs,38,misou,,0,0,0,0,0,0.0%,0,0,0,0,0,0.0%,0,1,1,0,0,0,0,0,0,0,0,0,0
4130,The Blue Devils,39,misou,,0,0,0,0,0,0.0%,0,0,0,0,0,0.0%,0,1,1,0,0,0,0,0,0,0,0,0,0
5498,The Wired Devils,40,misou,,0,0,0,0,0,0.0%,0,0,0,0,0,0.0%,0,1,1,0,0,0,0,0,0,0,0,0,0
5695,Heavy Duty Eagles,41,misou,,0,0,0,0,0,0.0%,0,0,0,0,0,0.0%,0,1,1,0,0,0,0,0,0,0,0,0,0
5090,TorqueNados,42,misou,,0,0,0,0,0,0.0%,0,0,0,0,0,0.0%,0,1,1,0,0,0,0,0,0,0,0,0,0
835,The Sting,43,misou,,0,0,0,0,0,0.0%,0,0,0,0,0,0.0%,0,1,1,0,0,0,0,0,0,0,0,0,0
33,Killer Bees,44,misou,,0,0,0,0,0,0.0%,0,0,0,0,0,0.0%,0,1,1,0,0,0,0,0,0,0,0,0,0
7191,ABT Gators,45,misou,,0,0,0,0,0,0.0%,0,0,0,0,0,0.0%,0,1,1,0,0,0,0,0,0,0,0,0,0
5531,Orange Crush,46,misou,,0,0,0,0,0,0.0%,0,0,0,0,0,0.0%,0,1,1,0,0,0,0,0,0,0,0,0,0
7865,Hope of Detroit Robotics,47,misou,,0,0,0,0,0,0.0%,0,0,0,0,0,0.0%,0,1,1,0,0,0,0,0,0,0,0,0,0
5756,REC'in Crew,48,misou,,0,0,0,0,0,0.0%,0,0,0,0,0,0.0%,0,1,1,0,0,0,0,0,0,0,0,0,0
7191,ABT Gators,49,misou,,0,0,0,0,0,0.0%,0,0,0,0,0,0.0%,0,1,1,0,0,0,0,0,0,0,0,0,0
8280,The School at Marygrove,50,misou,,0,0,0,0,0,0.0%,0,0,0,0,0,0.0%,0,1,1,0,0,0,0,0,0,0,0,0,0
573,Mech Warriors,51,misou,,0,0,0,0,0,0.0%,0,0,0,0,0,0.0%,0,1,1,0,0,0,0,0,0,0,0,0,0
7692,Beach Bums,52,misou,,0,0,0,0,0,0.0%,0,0,0,0,0,0.0%,0,1,1,0,0,0,0,0,0,0,0,0,0
4758,RoboBlazers,53,misou,,0,0,0,0,0,0.0%,0,0,0,0,0,0.0%,0,1,1,0,0,0,0,0,0,0,0,0,0
247,Da Bears,54,misou,,0,0,0,0,0,0.0%,0,0,0,0,0,0.0%,0,1,1,0,0,0,0,0,0,0,0,0,0
5577,Kinematic Wolves,55,misou,Kenneth ,0,0,0,0,0,0.0%,0,0,1,0,2,33.33333333333333%,2,1.5,0.5,0,0,2,1,0,0,0,0,5,7
240,TEMPEST,56,misou,,0,0,1,0,0,100.0%,4,0,0,0,1,0.0%,1,1.0,0.0,0,0,0,0,0,1,1,0,40,44
33,Killer Bees,57,misou,,1,0,0,2,2,50.0%,17,0,10,5,6,71.42857142857143%,5,4.2,3.0,0,0,35,1,1,0,0,0,5,57
4768,Cody Comets,58,misou,,1,0,3,0,0,100.0%,17,0,0,0,1,0.0%,1,1.0,0.0,0,0,0,1,1,0,0,0,5,22
5498,The Wired Devils,59,misou,,1,0,2,0,1,66.66666666666666%,13,0,2,0,3,40.0%,1,5.0,2.0,0,0,4,1,0,0,0,0,5,22
8179,Robo-Falcons,60,misou,,1,0,2,0,1,66.66666666666666%,13,0,2,0,2,50.0%,2,2.0,1.0,0,0,4,1,1,0,0,0,5,22
240,TEMPEST,61,misou,Gavin D.,0,0,1,0,2,33.33333333333333%,4,0,3,0,0,100.0%,1,3.0,3.0,0,0,6,1,0,0,0,0,5,15
7232,Pharaohs,62,misou,Gavin D.,1,0,0,0,0,0.0%,5,0,0,0,1,0.0%,1,1.0,0.0,0,0,0,1,0,0,0,0,5,10
5531,Orange Crush,63,misou,Gavin,0,0,0,0,0,0.0%,0,1,1,0,8,20.0%,4,2.5,0.5,0,0,3,1,0,0,0,0,5,8
6120,CyberStangs,64,misou,,1,0,0,0,0,0.0%,5,0,2,0,0,100.0%,1,2.0,2.0,0,0,4,1,0,0,0,0,5,14
5756,REC'in Crew,65,misou,,0,0,0,0,0,0.0%,0,0,0,0,0,0.0%,0,1,1,0,0,0,0,0,0,0,0,0,0
573,Mech Warriors,66,misou,,0,0,0,0,0,0.0%,0,0,0,0,0,0.0%,0,1,1,0,0,0,0,0,0,0,0,0,0
4768,Cody Comets,67,misou,,0,0,0,0,0,0.0%,0,0,0,0,0,0.0%,0,1,1,0,0,0,0,0,0,0,0,0,0
5532,The G.O.A.T.S,68,misou,,0,0,0,0,0,0.0%,0,0,0,0,0,0.0%,0,1,1,0,0,0,0,0,0,0,0,0,0
5531,Orange Crush,69,misou,,0,0,0,0,0,0.0%,0,0,0,0,0,0.0%,0,1,1,0,0,0,0,0,0,0,0,0,0
548,Robostangs,70,misou,,0,0,0,0,0,0.0%,0,0,0,0,0,0.0%,0,1,1,0,0,0,0,0,0,0,0,0,0
5498,The Wired Devils,71,misou,,0,0,0,0,0,0.0%,0,0,0,0,0,0.0%,0,1,1,0,0,0,0,0,0,0,0,0,0
3414,Hackbots,72,misou,,0,0,0,0,0,0.0%,0,0,0,0,0,0.0%,0,1,1,0,0,0,0,0,0,0,0,0,0
7232,Pharaohs,73,misou,,0,0,0,0,0,0.0%,0,0,0,0,0,0.0%,0,1,1,0,0,0,0,0,0,0,0,0,0
6742,Augmented Jays,74,misou,,0,0,0,0,0,0.0%,0,0,0,0,0,0.0%,0,1,1,0,0,0,0,0,0,0,0,0,0
835,The Sting,75,misou,,0,0,0,0,0,0.0%,0,0,0,0,0,0.0%,0,1,1,0,0,0,0,0,0,0,0,0,0
5197,DCP @ NW,76,misou,,0,0,0,0,0,0.0%,0,0,0,0,0,0.0%,0,1,1,0,0,0,0,0,0,0,0,0,0
5577,Kinematic Wolves,1,misou,,0,0,0,0,0,0.0%,0,0,0,0,0,0.0%,0,1,1,0,0,0,0,0,0,0,0,0,0
7191,ABT Gators,2,misou,,0,0,0,0,0,0.0%,0,0,0,0,0,0.0%,0,1,1,0,0,0,0,0,0,0,0,0,0
4840,The Panthers,3,misou,,0,0,0,0,0,0.0%,0,0,0,0,0,0.0%,0,1,1,0,0,0,0,0,0,0,0,0,0
2591,RedTails,4,misou,,0,0,0,0,0,0.0%,0,0,0,0,0,0.0%,0,1,1,0,0,0,0,0,0,0,0,0,0
247,Da Bears,5,misou,,0,0,0,0,0,0.0%,0,0,0,0,0,0.0%,0,1,1,0,0,0,0,0,0,0,0,0,0
7232,Pharaohs,6,misou,,0,0,0,0,0,0.0%,0,0,0,0,0,0.0%,0,1,1,0,0,0,0,0,0,0,0,0,0
3538,RoboJackets,7,misou,,0,0,0,0,0,0.0%,0,0,0,0,0,0.0%,0,1,1,0,0,0,0,0,0,0,0,0,0
573,Mech Warriors,8,misou,,0,0,0,0,0,0.0%,0,0,0,0,0,0.0%,0,1,1,0,0,0,0,0,0,0,0,0,0
3414,Hackbots,9,misou,,0,0,0,0,0,0.0%,0,0,0,0,0,0.0%,0,1,1,0,0,0,0,0,0,0,0,0,0
5756,REC'in Crew,10,misou,,0,0,0,0,0,0.0%,0,0,0,0,0,0.0%,0,1,1,0,0,0,0,0,0,0,0,0,0
5197,DCP @ NW,11,misou,,0,0,0,0,0,0.0%,0,0,0,0,0,0.0%,0,1,1,0,0,0,0,0,0,0,0,0,0
5531,Orange Crush,12,misou,,0,0,0,0,0,0.0%,0,0,0,0,0,0.0%,0,1,1,0,0,0,0,0,0,0,0,0,0
3096,The Village Bulldogs,13,misou,,0,0,0,0,0,0.0%,0,0,0,0,0,0.0%,0,1,1,0,0,0,0,0,0,0,0,0,0
1481,The Riveters,14,misou,,0,0,0,0,0,0.0%,0,0,0,0,0,0.0%,0,1,1,0,0,0,0,0,0,0,0,0,0
5531,Orange Crush,15,misou,,0,0,0,0,0,0.0%,0,0,0,0,0,0.0%,0,1,1,0,0,0,0,0,0,0,0,0,0
4758,RoboBlazers,16,misou,,0,0,0,0,0,0.0%,0,0,0,0,0,0.0%,0,1,1,0,0,0,0,0,0,0,0,0,0
5197,DCP @ NW,17,misou,,0,0,0,0,0,0.0%,0,0,0,0,0,0.0%,0,1,1,0,0,0,0,0,0,0,0,0,0
573,Mech Warriors,18,misou,,0,0,0,0,0,0.0%,0,0,0,0,0,0.0%,0,1,1,0,0,0,0,0,0,0,0,0,0
247,Da Bears,19,misou,,0,0,0,0,0,0.0%,0,0,0,0,0,0.0%,0,1,1,0,0,0,0,0,0,0,0,0,0
5498,The Wired Devils,20,misou,,0,0,0,0,0,0.0%,0,0,0,0,0,0.0%,0,1,1,0,0,0,0,0,0,0,0,0,0
6120,CyberStangs,21,misou,,0,0,0,0,0,0.0%,0,0,0,0,0,0.0%,0,1,1,0,0,0,0,0,0,0,0,0,0
8179,Robo-Falcons,22,misou,,0,0,0,0,0,0.0%,0,0,0,0,0,0.0%,0,1,1,0,0,0,0,0,0,0,0,0,0
2591,RedTails,23,misou,,0,0,0,0,0,0.0%,0,0,0,0,0,0.0%,0,1,1,0,0,0,0,0,0,0,0,0,0
6742,Augmented Jays,24,misou,,0,0,0,0,0,0.0%,0,0,0,0,0,0.0%,0,1,1,0,0,0,0,0,0,0,0,0,0
4854,Trobots,25,misou,,0,0,0,0,0,0.0%,0,0,0,0,0,0.0%,0,1,1,0,0,0,0,0,0,0,0,0,0
6120,CyberStangs,26,misou,,0,0,0,0,0,0.0%,0,0,0,0,0,0.0%,0,1,1,0,0,0,0,0,0,0,0,0,0
5531,Orange Crush,27,misou,,0,0,0,0,0,0.0%,0,0,0,0,0,0.0%,0,1,1,0,0,0,0,0,0,0,0,0,0
2591,RedTails,28,misou,,0,0,0,0,0,0.0%,0,0,0,0,0,0.0%,0,1,1,0,0,0,0,0,0,0,0,0,0
94,The  Ninetyfouriors,29,misou,,0,0,0,0,0,0.0%,0,0,0,0,0,0.0%,0,1,1,0,0,0,0,0,0,0,0,0,0
7232,Pharaohs,30,misou,,0,0,0,0,0,0.0%,0,0,0,0,0,0.0%,0,1,1,0,0,0,0,0,0,0,0,0,0
3538,RoboJackets,31,misou,,0,0,0,0,0,0.0%,0,0,0,0,0,0.0%,0,1,1,0,0,0,0,0,0,0,0,0,0
4130,The Blue Devils,32,misou,,0,0,0,0,0,0.0%,0,0,0,0,0,0.0%,0,1,1,0,0,0,0,0,0,0,0,0,0
4758,RoboBlazers,33,misou,,0,0,0,0,0,0.0%,0,0,0,0,0,0.0%,0,1,1,0,0,0,0,0,0,0,0,0,0
240,TEMPEST,34,misou,,0,0,0,0,0,0.0%,0,0,0,0,0,0.0%,0,1,1,0,0,0,0,0,0,0,0,0,0
5214,The Mighty CavBots,35,misou,,0,0,0,0,0,0.0%,0,0,0,0,0,0.0%,0,1,1,0,0,0,0,0,0,0,0,0,0
8280,The School at Marygrove,36,misou,,0,0,0,0,0,0.0%,0,0,0,0,0,0.0%,0,1,1,0,0,0,0,0,0,0,0,0,0
6742,Augmented Jays,37,misou,,0,0,0,0,0,0.0%,0,0,0,0,0,0.0%,0,1,1,0,0,0,0,0,0,0,0,0,0
6013,Robowolves,38,misou,,0,0,0,0,0,0.0%,0,0,0,0,0,0.0%,0,1,1,0,0,0,0,0,0,0,0,0,0
8179,Robo-Falcons,39,misou,,0,0,0,0,0,0.0%,0,0,0,0,0,0.0%,0,1,1,0,0,0,0,0,0,0,0,0,0
3414,Hackbots,40,misou,,0,0,0,0,0,0.0%,0,0,0,0,0,0.0%,0,1,1,0,0,0,0,0,0,0,0,0,0
94,The  Ninetyfouriors,41,misou,,0,0,0,0,0,0.0%,0,0,0,0,0,0.0%,0,1,1,0,0,0,0,0,0,0,0,0,0
7692,Beach Bums,42,misou,,0,0,0,0,0,0.0%,0,0,0,0,0,0.0%,0,1,1,0,0,0,0,0,0,0,0,0,0
4840,The Panthers,43,misou,,0,0,0,0,0,0.0%,0,0,0,0,0,0.0%,0,1,1,0,0,0,0,0,0,0,0,0,0
5756,REC'in Crew,44,misou,,0,0,0,0,0,0.0%,0,0,0,0,0,0.0%,0,1,1,0,0,0,0,0,0,0,0,0,0
3096,The Village Bulldogs,45,misou,,0,0,0,0,0,0.0%,0,0,0,0,0,0.0%,0,1,1,0,0,0,0,0,0,0,0,0,0
2591,RedTails,46,misou,,0,0,0,0,0,0.0%,0,0,0,0,0,0.0%,0,1,1,0,0,0,0,0,0,0,0,0,0
835,The Sting,47,misou,,0,0,0,0,0,0.0%,0,0,0,0,0,0.0%,0,1,1,0,0,0,0,0,0,0,0,0,0
7856,UPAD Fusion,48,misou,,0,0,0,0,0,0.0%,0,0,0,0,0,0.0%,0,1,1,0,0,0,0,0,0,0,0,0,0
5532,The G.O.A.T.S,49,misou,,0,0,0,0,0,0.0%,0,0,0,0,0,0.0%,0,1,1,0,0,0,0,0,0,0,0,0,0
5577,Kinematic Wolves,50,misou,,0,0,0,0,0,0.0%,0,0,0,0,0,0.0%,0,1,1,0,0,0,0,0,0,0,0,0,0
7145,Hurricanes,51,misou,,0,0,0,0,0,0.0%,0,0,0,0,0,0.0%,0,1,1,0,0,0,0,0,0,0,0,0,0
4130,The Blue Devils,52,misou,,0,0,0,0,0,0.0%,0,0,0,0,0,0.0%,0,1,1,0,0,0,0,0,0,0,0,0,0
548,Robostangs,53,misou,,0,0,0,0,0,0.0%,0,0,0,0,0,0.0%,0,1,1,0,0,0,0,0,0,0,0,0,0
7232,Pharaohs,54,misou,,0,0,0,0,0,0.0%,0,0,0,0,0,0.0%,0,1,1,0,0,0,0,0,0,0,0,0,0
5498,The Wired Devils,55,misou,Evan,1,0,0,2,1,66.66666666666666%,17,0,1,0,3,25.0%,1,4.0,1.0,0,0,2,1,1,0,0,0,5,24
5695,Heavy Duty Eagles,56,misou,Evan,1,0,0,0,0,0.0%,5,0,0,0,2,0.0%,1,2.0,0.0,0,0,0,0,0,0,0,0,0,5
7856,UPAD Fusion,57,misou,Evan,1,0,0,0,0,0.0%,5,0,0,0,4,0.0%,2,2.0,0.0,0,0,0,0,0,0,0,0,0,5
7865,Hope of Detroit Robotics,58,misou,Evan,0,0,0,0,0,0.0%,0,0,0,0,0,0.0%,0,1,1,0,0,0,1,0,0,0,0,5,5
5532,The G.O.A.T.S,59,misou,Cheston,1,0,0,0,0,0.0%,5,0,0,0,0,0.0%,0,1,1,0,0,0,0,0,1,1,0,40,45
5197,DCP @ NW,60,misou, Cheston,0,0,0,0,0,0.0%,0,0,0,0,0,0.0%,0,1,1,0,0,0,0,0,0,0,0,0,0
3096,The Village Bulldogs,61,misou,Cheston,0,0,0,0,0,0.0%,0,5,0,8,0,100.0%,3,4.333333333333333,4.333333333333333,0,0,29,0,1,0,0,0,0,29
94,The  Ninetyfouriors,62,misou,Cheston,1,0,0,0,0,0.0%,5,0,0,0,0,0.0%,0,1,1,0,0,0,0,0,0,0,65,0,5
7856,UPAD Fusion,63,misou,Cheston,1,0,0,0,0,0.0%,5,0,1,0,2,33.33333333333333%,1,3.0,1.0,0,0,2,1,0,0,0,0,5,12
33,Killer Bees,64,misou,Cheston,1,0,0,0,0,0.0%,5,0,0,0,5,0.0%,2,2.5,0.0,0,0,0,0,0,1,0,0,25,30
6742,Augmented Jays,65,misou,,0,0,0,0,0,0.0%,0,0,0,0,0,0.0%,0,1,1,0,0,0,0,0,0,0,0,0,0
5090,TorqueNados,66,misou,,0,0,0,0,0,0.0%,0,0,0,0,0,0.0%,0,1,1,0,0,0,0,0,0,0,0,0,0
4758,RoboBlazers,67,misou,,0,0,0,0,0,0.0%,0,0,0,0,0,0.0%,0,1,1,0,0,0,0,0,0,0,0,0,0
3538,RoboJackets,68,misou,,0,0,0,0,0,0.0%,0,0,0,0,0,0.0%,0,1,1,0,0,0,0,0,0,0,0,0,0
7865,Hope of Detroit Robotics,69,misou,,0,0,0,0,0,0.0%,0,0,0,0,0,0.0%,0,1,1,0,0,0,0,0,0,0,0,0,0
7716,JLW Formula 01,70,misou,,0,0,0,0,0,0.0%,0,0,0,0,0,0.0%,0,1,1,0,0,0,0,0,0,0,0,0,0
8179,Robo-Falcons,71,misou,,0,0,0,0,0,0.0%,0,0,0,0,0,0.0%,0,1,1,0,0,0,0,0,0,0,0,0,0
4130,The Blue Devils,72,misou,,0,0,0,0,0,0.0%,0,0,0,0,0,0.0%,0,1,1,0,0,0,0,0,0,0,0,0,0
4768,Cody Comets,73,misou,,0,0,0,0,0,0.0%,0,0,0,0,0,0.0%,0,1,1,0,0,0,0,0,0,0,0,0,0
5532,The G.O.A.T.S,74,misou,,0,0,0,0,0,0.0%,0,0,0,0,0,0.0%,0,1,1,0,0,0,0,0,0,0,0,0,0
4854,Trobots,75,misou,,0,0,0,0,0,0.0%,0,0,0,0,0,0.0%,0,1,1,0,0,0,0,0,0,0,0,0,0
8280,The School at Marygrove,76,misou,,0,0,0,0,0,0.0%,0,0,0,0,0,0.0%,0,1,1,0,0,0,0,0,0,0,0,0,0
6013,Robowolves,1,misou,,0,0,0,0,0,0.0%,0,0,0,0,0,0.0%,0,1,1,0,0,0,0,0,0,0,0,0,0
7856,UPAD Fusion,2,misou,,0,0,0,0,0,0.0%,0,0,0,0,0,0.0%,0,1,1,0,0,0,0,0,0,0,0,0,0
835,The Sting,3,misou,,0,0,0,0,0,0.0%,0,0,0,0,0,0.0%,0,1,1,0,0,0,0,0,0,0,0,0,0
5090,TorqueNados,4,misou,,0,0,0,0,0,0.0%,0,0,0,0,0,0.0%,0,1,1,0,0,0,0,0,0,0,0,0,0
1481,The Riveters,5,misou,,0,0,0,0,0,0.0%,0,0,0,0,0,0.0%,0,1,1,0,0,0,0,0,0,0,0,0,0
7716,JLW Formula 01,6,misou,,0,0,0,0,0,0.0%,0,0,0,0,0,0.0%,0,1,1,0,0,0,0,0,0,0,0,0,0
7692,Beach Bums,7,misou,,0,0,0,0,0,0.0%,0,0,0,0,0,0.0%,0,1,1,0,0,0,0,0,0,0,0,0,0
4854,Trobots,8,misou,,0,0,0,0,0,0.0%,0,0,0,0,0,0.0%,0,1,1,0,0,0,0,0,0,0,0,0,0
4768,Cody Comets,9,misou,,0,0,0,0,0,0.0%,0,0,0,0,0,0.0%,0,1,1,0,0,0,0,0,0,0,0,0,0
5498,The Wired Devils,10,misou,,0,0,0,0,0,0.0%,0,0,0,0,0,0.0%,0,1,1,0,0,0,0,0,0,0,0,0,0
7232,Pharaohs,11,misou,,0,0,0,0,0,0.0%,0,0,0,0,0,0.0%,0,1,1,0,0,0,0,0,0,0,0,0,0
7191,ABT Gators,12,misou,,0,0,0,0,0,0.0%,0,0,0,0,0,0.0%,0,1,1,0,0,0,0,0,0,0,0,0,0
548,Robostangs,13,misou,,0,0,0,0,0,0.0%,0,0,0,0,0,0.0%,0,1,1,0,0,0,0,0,0,0,0,0,0
5756,REC'in Crew,14,misou,,0,0,0,0,0,0.0%,0,0,0,0,0,0.0%,0,1,1,0,0,0,0,0,0,0,0,0,0
5532,The G.O.A.T.S,15,misou,,0,0,0,0,0,0.0%,0,0,0,0,0,0.0%,0,1,1,0,0,0,0,0,0,0,0,0,0
548,Robostangs,16,misou,,0,0,0,0,0,0.0%,0,0,0,0,0,0.0%,0,1,1,0,0,0,0,0,0,0,0,0,0
33,Killer Bees,17,misou,,0,0,0,0,0,0.0%,0,0,0,0,0,0.0%,0,1,1,0,0,0,0,0,0,0,0,0,0
5214,The Mighty CavBots,18,misou,,0,0,0,0,0,0.0%,0,0,0,0,0,0.0%,0,1,1,0,0,0,0,0,0,0,0,0,0
4768,Cody Comets,19,misou,,0,0,0,0,0,0.0%,0,0,0,0,0,0.0%,0,1,1,0,0,0,0,0,0,0,0,0,0
8280,The School at Marygrove,20,misou,,0,0,0,0,0,0.0%,0,0,0,0,0,0.0%,0,1,1,0,0,0,0,0,0,0,0,0,0
5197,DCP @ NW,21,misou,,0,0,0,0,0,0.0%,0,0,0,0,0,0.0%,0,1,1,0,0,0,0,0,0,0,0,0,0
5577,Kinematic Wolves,22,misou,,0,0,0,0,0,0.0%,0,0,0,0,0,0.0%,0,1,1,0,0,0,0,0,0,0,0,0,0
573,Mech Warriors,23,misou,,0,0,0,0,0,0.0%,0,0,0,0,0,0.0%,0,1,1,0,0,0,0,0,0,0,0,0,0
5532,The G.O.A.T.S,24,misou,,0,0,0,0,0,0.0%,0,0,0,0,0,0.0%,0,1,1,0,0,0,0,0,0,0,0,0,0
240,TEMPEST,25,misou,,0,0,0,0,0,0.0%,0,0,0,0,0,0.0%,0,1,1,0,0,0,0,0,0,0,0,0,0
7865,Hope of Detroit Robotics,26,misou,,0,0,0,0,0,0.0%,0,0,0,0,0,0.0%,0,1,1,0,0,0,0,0,0,0,0,0,0
5756,REC'in Crew,27,misou,,0,0,0,0,0,0.0%,0,0,0,0,0,0.0%,0,1,1,0,0,0,0,0,0,0,0,0,0
1481,The Riveters,28,misou,,0,0,0,0,0,0.0%,0,0,0,0,0,0.0%,0,1,1,0,0,0,0,0,0,0,0,0,0
5498,The Wired Devils,29,misou,,0,0,0,0,0,0.0%,0,0,0,0,0,0.0%,0,1,1,0,0,0,0,0,0,0,0,0,0
7692,Beach Bums,30,misou,,0,0,0,0,0,0.0%,0,0,0,0,0,0.0%,0,1,1,0,0,0,0,0,0,0,0,0,0
7145,Hurricanes,31,misou,,0,0,0,0,0,0.0%,0,0,0,0,0,0.0%,0,1,1,0,0,0,0,0,0,0,0,0,0
835,The Sting,32,misou,,0,0,0,0,0,0.0%,0,0,0,0,0,0.0%,0,1,1,0,0,0,0,0,0,0,0,0,0
8179,Robo-Falcons,33,misou,,0,0,0,0,0,0.0%,0,0,0,0,0,0.0%,0,1,1,0,0,0,0,0,0,0,0,0,0
5577,Kinematic Wolves,34,misou,,0,0,0,0,0,0.0%,0,0,0,0,0,0.0%,0,1,1,0,0,0,0,0,0,0,0,0,0
4840,The Panthers,35,misou,,0,0,0,0,0,0.0%,0,0,0,0,0,0.0%,0,1,1,0,0,0,0,0,0,0,0,0,0
7145,Hurricanes,36,misou,,0,0,0,0,0,0.0%,0,0,0,0,0,0.0%,0,1,1,0,0,0,0,0,0,0,0,0,0
3096,The Village Bulldogs,37,misou,,0,0,0,0,0,0.0%,0,0,0,0,0,0.0%,0,1,1,0,0,0,0,0,0,0,0,0,0
94,The  Ninetyfouriors,38,misou,,0,0,0,0,0,0.0%,0,0,0,0,0,0.0%,0,1,1,0,0,0,0,0,0,0,0,0,0
573,Mech Warriors,39,misou,,0,0,0,0,0,0.0%,0,0,0,0,0,0.0%,0,1,1,0,0,0,0,0,0,0,0,0,0
5577,Kinematic Wolves,40,misou,,0,0,0,0,0,0.0%,0,0,0,0,0,0.0%,0,1,1,0,0,0,0,0,0,0,0,0,0
7716,JLW Formula 01,41,misou,,0,0,0,0,0,0.0%,0,0,0,0,0,0.0%,0,1,1,0,0,0,0,0,0,0,0,0,0
5531,Orange Crush,42,misou,,0,0,0,0,0,0.0%,0,0,0,0,0,0.0%,0,1,1,0,0,0,0,0,0,0,0,0,0
8280,The School at Marygrove,43,misou,,0,0,0,0,0,0.0%,0,0,0,0,0,0.0%,0,1,1,0,0,0,0,0,0,0,0,0,0
7865,Hope of Detroit Robotics,44,misou,,0,0,0,0,0,0.0%,0,0,0,0,0,0.0%,0,1,1,0,0,0,0,0,0,0,0,0,0
7716,JLW Formula 01,45,misou,,0,0,0,0,0,0.0%,0,0,0,0,0,0.0%,0,1,1,0,0,0,0,0,0,0,0,0,0
6742,Augmented Jays,46,misou,,0,0,0,0,0,0.0%,0,0,0,0,0,0.0%,0,1,1,0,0,0,0,0,0,0,0,0,0
247,Da Bears,47,misou,,0,0,0,0,0,0.0%,0,0,0,0,0,0.0%,0,1,1,0,0,0,0,0,0,0,0,0,0
4768,Cody Comets,48,misou,,0,0,0,0,0,0.0%,0,0,0,0,0,0.0%,0,1,1,0,0,0,0,0,0,0,0,0,0
4758,RoboBlazers,49,misou,,0,0,0,0,0,0.0%,0,0,0,0,0,0.0%,0,1,1,0,0,0,0,0,0,0,0,0,0
33,Killer Bees,50,misou,,0,0,0,0,0,0.0%,0,0,0,0,0,0.0%,0,1,1,0,0,0,0,0,0,0,0,0,0
5090,TorqueNados,51,misou,,0,0,0,0,0,0.0%,0,0,0,0,0,0.0%,0,1,1,0,0,0,0,0,0,0,0,0,0
2591,RedTails,52,misou,,0,0,0,0,0,0.0%,0,0,0,0,0,0.0%,0,1,1,0,0,0,0,0,0,0,0,0,0
6120,CyberStangs,53,misou,,0,0,0,0,0,0.0%,0,0,0,0,0,0.0%,0,1,1,0,0,0,0,0,0,0,0,0,0
5090,TorqueNados,54,misou,ella,1,0,0,0,0,0.0%,5,6,0,0,4,60.0%,3,3.3333333333333335,2.0,0,0,6,0,1,1,0,0,25,36
5532,The G.O.A.T.S,55,misou, ella,1,0,0,0,0,0.0%,5,0,0,0,0,0.0%,0,1,1,0,0,0,1,0,0,0,0,5,10
5214,The Mighty CavBots,56,misou, ella,1,0,0,0,0,0.0%,5,5,0,0,1,83.33333333333334%,2,3.0,2.5,0,0,5,0,1,1,0,0,25,35
8179,Robo-Falcons,57,misou, ella,1,0,0,0,2,0.0%,5,0,1,0,3,25.0%,1,4.0,1.0,0,0,2,0,1,1,0,0,25,32
6742,Augmented Jays,58,misou,,1,3,0,0,0,100.0%,11,0,0,0,0,0.0%,0,1,1,0,0,0,0,1,1,0,0,25,36
5756,REC'in Crew,59,misou,,1,0,0,0,0,0.0%,5,0,0,0,0,0.0%,0,1,1,0,0,0,0,0,0,0,0,0,5
548,Robostangs,60,misou,,1,0,0,0,3,0.0%,5,0,15,0,1,93.75%,4,4.0,3.75,0,0,30,0,0,1,0,0,25,60
4840,The Panthers,61,misou,,0,0,0,0,0,0.0%,0,0,0,0,0,0.0%,0,1,1,0,0,0,0,0,0,0,0,0,0
4854,TrobotsTrobots,62,misou, ella,0,0,0,0,0,0.0%,0,0,0,0,0,0.0%,0,1,1,0,0,0,1,0,0,0,0,5,5
7692,Beach Bums,63,misou, ella,1,0,0,0,0,0.0%,5,0,0,0,0,0.0%,0,1,1,0,0,0,0,0,0,0,0,0,5
3414,Hackbots,64,misou,,1,0,0,0,0,0.0%,5,0,6,0,7,46.15384615384615%,4,3.25,1.5,0,0,12,1,1,0,0,0,5,22
7232,Pharaohs,65,misou,,0,0,0,0,0,0.0%,0,0,0,0,0,0.0%,0,1,1,0,0,0,0,0,0,0,0,0,0
5197,DCP @ NW,66,misou,,0,0,0,0,0,0.0%,0,0,0,0,0,0.0%,0,1,1,0,0,0,0,0,0,0,0,0,0
5695,Heavy Duty Eagles,67,misou,,0,0,0,0,0,0.0%,0,0,0,0,0,0.0%,0,1,1,0,0,0,0,0,0,0,0,0,0
247,Da Bears,68,misou,,0,0,0,0,0,0.0%,0,0,0,0,0,0.0%,0,1,1,0,0,0,0,0,0,0,0,0,0
240,TEMPEST,69,misou,,0,0,0,0,0,0.0%,0,0,0,0,0,0.0%,0,1,1,0,0,0,0,0,0,0,0,0,0
7191,ABT Gators,70,misou,,0,0,0,0,0,0.0%,0,0,0,0,0,0.0%,0,1,1,0,0,0,0,0,0,0,0,0,0
5695,Heavy Duty Eagles,71,misou,,0,0,0,0,0,0.0%,0,0,0,0,0,0.0%,0,1,1,0,0,0,0,0,0,0,0,0,0
240,TEMPEST,72,misou,,0,0,0,0,0,0.0%,0,0,0,0,0,0.0%,0,1,1,0,0,0,0,0,0,0,0,0,0
5531,Orange Crush,73,misou,,0,0,0,0,0,0.0%,0,0,0,0,0,0.0%,0,1,1,0,0,0,0,0,0,0,0,0,0
247,Da Bears,74,misou,,0,0,0,0,0,0.0%,0,0,0,0,0,0.0%,0,1,1,0,0,0,0,0,0,0,0,0,0
7716,JLW Formula 01,75,misou,,0,0,0,0,0,0.0%,0,0,0,0,0,0.0%,0,1,1,0,0,0,0,0,0,0,0,0,0
5756,REC'in Crew,76,misou,,0,0,0,0,0,0.0%,0,0,0,0,0,0.0%,0,1,1,0,0,0,0,0,0,0,0,0,0
3538,RoboJackets,1,misou,,0,0,0,0,0,0.0%,0,0,0,0,0,0.0%,0,1,1,0,0,0,0,0,0,0,0,0,0
548,Robostangs,2,misou,,0,0,0,0,0,0.0%,0,0,0,0,0,0.0%,0,1,1,0,0,0,0,0,0,0,0,0,0
4768,Cody Comets,3,misou,,0,0,0,0,0,0.0%,0,0,0,0,0,0.0%,0,1,1,0,0,0,0,0,0,0,0,0,0
5695,Heavy Duty Eagles,4,misou,,0,0,0,0,0,0.0%,0,0,0,0,0,0.0%,0,1,1,0,0,0,0,0,0,0,0,0,0
3096,The Village Bulldogs,5,misou,,0,0,0,0,0,0.0%,0,0,0,0,0,0.0%,0,1,1,0,0,0,0,0,0,0,0,0,0
7865,Hope of Detroit Robotics,6,misou,,0,0,0,0,0,0.0%,0,0,0,0,0,0.0%,0,1,1,0,0,0,0,0,0,0,0,0,0
835,The Sting,7,misou,,0,0,0,0,0,0.0%,0,0,0,0,0,0.0%,0,1,1,0,0,0,0,0,0,0,0,0,0
3096,The Village Bulldogs,8,misou,,0,0,0,0,0,0.0%,0,0,0,0,0,0.0%,0,1,1,0,0,0,0,0,0,0,0,0,0
5090,TorqueNados,9,misou,,0,0,0,0,0,0.0%,0,0,0,0,0,0.0%,0,1,1,0,0,0,0,0,0,0,0,0,0
4840,The Panthers,10,misou,,0,0,0,0,0,0.0%,0,0,0,0,0,0.0%,0,1,1,0,0,0,0,0,0,0,0,0,0
7145,Hurricanes,11,misou,,0,0,0,0,0,0.0%,0,0,0,0,0,0.0%,0,1,1,0,0,0,0,0,0,0,0,0,0
4758,RoboBlazers,12,misou,,0,0,0,0,0,0.0%,0,0,0,0,0,0.0%,0,1,1,0,0,0,0,0,0,0,0,0,0
8179,Robo-Falcons,13,misou,,0,0,0,0,0,0.0%,0,0,0,0,0,0.0%,0,1,1,0,0,0,0,0,0,0,0,0,0
240,TEMPEST,14,misou,,0,0,0,0,0,0.0%,0,0,0,0,0,0.0%,0,1,1,0,0,0,0,0,0,0,0,0,0
8280,The School at Marygrove,15,misou,,0,0,0,0,0,0.0%,0,0,0,0,0,0.0%,0,1,1,0,0,0,0,0,0,0,0,0,0
7232,Pharaohs,16,misou,,0,0,0,0,0,0.0%,0,0,0,0,0,0.0%,0,1,1,0,0,0,0,0,0,0,0,0,0
6742,Augmented Jays,17,misou,,0,0,0,0,0,0.0%,0,0,0,0,0,0.0%,0,1,1,0,0,0,0,0,0,0,0,0,0
7145,Hurricanes,18,misou,,0,0,0,0,0,0.0%,0,0,0,0,0,0.0%,0,1,1,0,0,0,0,0,0,0,0,0,0
8179,Robo-Falcons,19,misou,,0,0,0,0,0,0.0%,0,0,0,0,0,0.0%,0,1,1,0,0,0,0,0,0,0,0,0,0
7716,JLW Formula 01,20,misou,,0,0,0,0,0,0.0%,0,0,0,0,0,0.0%,0,1,1,0,0,0,0,0,0,0,0,0,0
4130,The Blue Devils,21,misou,,0,0,0,0,0,0.0%,0,0,0,0,0,0.0%,0,1,1,0,0,0,0,0,0,0,0,0,0
4840,The Panthers,22,misou,,0,0,0,0,0,0.0%,0,0,0,0,0,0.0%,0,1,1,0,0,0,0,0,0,0,0,0,0
7191,ABT Gators,23,misou,,0,0,0,0,0,0.0%,0,0,0,0,0,0.0%,0,1,1,0,0,0,0,0,0,0,0,0,0
3538,RoboJackets,24,misou,,0,0,0,0,0,0.0%,0,0,0,0,0,0.0%,0,1,1,0,0,0,0,0,0,0,0,0,0
7145,Hurricanes,25,misou,,0,0,0,0,0,0.0%,0,0,0,0,0,0.0%,0,1,1,0,0,0,0,0,0,0,0,0,0
6013,Robowolves,26,misou,,0,0,0,0,0,0.0%,0,0,0,0,0,0.0%,0,1,1,0,0,0,0,0,0,0,0,0,0
573,Mech Warriors,27,misou,,0,0,0,0,0,0.0%,0,0,0,0,0,0.0%,0,1,1,0,0,0,0,0,0,0,0,0,0
4758,RoboBlazers,28,misou,,0,0,0,0,0,0.0%,0,0,0,0,0,0.0%,0,1,1,0,0,0,0,0,0,0,0,0,0
5197,DCP @ NW,29,misou,,0,0,0,0,0,0.0%,0,0,0,0,0,0.0%,0,1,1,0,0,0,0,0,0,0,0,0,0
5214,The Mighty CavBots,30,misou,,0,0,0,0,0,0.0%,0,0,0,0,0,0.0%,0,1,1,0,0,0,0,0,0,0,0,0,0
4768,Cody Comets,31,misou,,0,0,0,0,0,0.0%,0,0,0,0,0,0.0%,0,1,1,0,0,0,0,0,0,0,0,0,0
5695,Heavy Duty Eagles,32,misou,,0,0,0,0,0,0.0%,0,0,0,0,0,0.0%,0,1,1,0,0,0,0,0,0,0,0,0,0
33,Killer Bees,33,misou,,0,0,0,0,0,0.0%,0,0,0,0,0,0.0%,0,1,1,0,0,0,0,0,0,0,0,0,0
5197,DCP @ NW,34,misou,,0,0,0,0,0,0.0%,0,0,0,0,0,0.0%,0,1,1,0,0,0,0,0,0,0,0,0,0
1481,The Riveters,35,misou,,0,0,0,0,0,0.0%,0,0,0,0,0,0.0%,0,1,1,0,0,0,0,0,0,0,0,0,0
7191,ABT Gators,36,misou,,0,0,0,0,0,0.0%,0,0,0,0,0,0.0%,0,1,1,0,0,0,0,0,0,0,0,0,0
7692,Beach Bums,37,misou,,0,0,0,0,0,0.0%,0,0,0,0,0,0.0%,0,1,1,0,0,0,0,0,0,0,0,0,0
247,Da Bears,38,misou,,0,0,0,0,0,0.0%,0,0,0,0,0,0.0%,0,1,1,0,0,0,0,0,0,0,0,0,0
3538,RoboJackets,39,misou,,0,0,0,0,0,0.0%,0,0,0,0,0,0.0%,0,1,1,0,0,0,0,0,0,0,0,0,0
2591,RedTails,40,misou,,0,0,0,0,0,0.0%,0,0,0,0,0,0.0%,0,1,1,0,0,0,0,0,0,0,0,0,0
5214,The Mighty CavBots,41,misou,,0,0,0,0,0,0.0%,0,0,0,0,0,0.0%,0,1,1,0,0,0,0,0,0,0,0,0,0
6120,CyberStangs,42,misou,,0,0,0,0,0,0.0%,0,0,0,0,0,0.0%,0,1,1,0,0,0,0,0,0,0,0,0,0
247,Da Bears,43,misou,,0,0,0,0,0,0.0%,0,0,0,0,0,0.0%,0,1,1,0,0,0,0,0,0,0,0,0,0
548,Robostangs,44,misou,,0,0,0,0,0,0.0%,0,0,0,0,0,0.0%,0,1,1,0,0,0,0,0,0,0,0,0,0
3414,Hackbots,45,misou,,0,0,0,0,0,0.0%,0,0,0,0,0,0.0%,0,1,1,0,0,0,0,0,0,0,0,0,0
6120,CyberStangs,46,misou,,0,0,0,0,0,0.0%,0,0,0,0,0,0.0%,0,1,1,0,0,0,0,0,0,0,0,0,0
573,Mech Warriors,47,misou,,0,0,0,0,0,0.0%,0,0,0,0,0,0.0%,0,1,1,0,0,0,0,0,0,0,0,0,0
94,The  Ninetyfouriors,48,misou,,0,0,0,0,0,0.0%,0,0,0,0,0,0.0%,0,1,1,0,0,0,0,0,0,0,0,0,0
4854,Trobots,49,misou,,0,0,0,0,0,0.0%,0,0,0,0,0,0.0%,0,1,1,0,0,0,0,0,0,0,0,0,0
3096,The Village Bulldogs,50,misou,,0,0,0,0,0,0.0%,0,0,0,0,0,0.0%,0,1,1,0,0,0,0,0,0,0,0,0,0
6013,Robowolves,51,misou,,0,0,0,0,0,0.0%,0,0,0,0,0,0.0%,0,1,1,0,0,0,0,0,0,0,0,0,0
4854,Trobots,52,misou,,0,0,0,0,0,0.0%,0,0,0,0,0,0.0%,0,1,1,0,0,0,0,0,0,0,0,0,0
835,The Sting,53,misou,,0,0,0,0,0,0.0%,0,0,0,0,0,0.0%,0,1,1,0,0,0,0,0,0,0,0,0,0
7191,ABT Gators,54,misou,,0,0,0,0,0,0.0%,0,0,0,0,0,0.0%,0,1,1,0,0,0,0,0,0,0,0,0,0
7865,Hope of Detroit Robotics,55,misou,Gavin Drews,0,0,0,0,0,0.0%,0,0,0,0,0,0.0%,0,1,1,0,0,0,1,0,0,0,0,5,5
5531,Orange Crush,56,misou,Gavin D.,0,0,0,0,0,0.0%,0,0,0,0,0,0.0%,0,1,1,0,0,0,1,0,0,0,0,5,5
1481,The Riveters,57,misou,Gavin D.,1,0,2,0,2,50.0%,13,0,3,0,3,50.0%,3,2.0,1.0,0,0,6,0,0,1,1,0,40,59
4130,The Blue Devils,58,misou,Gavin D.,1,0,3,0,1,75.0%,17,0,12,0,3,80.0%,4,3.75,3.0,0,0,24,0,1,0,0,0,0,41
3414,Hackbots,59,misou,Evan,1,0,2,0,1,66.66666666666666%,13,0,8,1,4,69.23076923076923%,4,3.25,2.25,0,0,19,0,0,1,0,0,25,57
1481,The Riveters,60,misou,Evan,1,0,3,0,0,100.0%,17,0,8,1,1,90.0%,2,5.0,4.5,0,0,19,1,0,0,0,0,5,41
2591,RedTails,61,misou,Evan,0,0,0,0,0,0.0%,0,0,0,0,1,0.0%,1,1.0,0.0,0,0,0,1,0,0,0,0,5,5
3538,RoboJackets,62,misou,Evan,1,0,4,1,1,83.33333333333334%,27,0,16,0,6,72.72727272727273%,6,3.6666666666666665,2.6666666666666665,0,0,32,0,0,1,1,0,40,99
5577,Kinematic Wolves,63,misou,Evan,1,0,2,0,1,66.66666666666666%,13,0,0,0,4,0.0%,3,1.3333333333333333,0.0,0,0,0,1,0,0,0,0,5,18
5498,The Wired Devils,64,misou,Evan,1,0,0,0,0,0.0%,5,0,0,0,0,0.0%,0,1,1,0,0,0,0,0,0,0,0,0,5
6013,Robowolves,65,misou,,0,0,0,0,0,0.0%,0,0,0,0,0,0.0%,0,1,1,0,0,0,0,0,0,0,0,0,0
8280,The School at Marygrove,66,misou,,0,0,0,0,0,0.0%,0,0,0,0,0,0.0%,0,1,1,0,0,0,0,0,0,0,0,0,0
7856,UPAD Fusion,67,misou,,0,0,0,0,0,0.0%,0,0,0,0,0,0.0%,0,1,1,0,0,0,0,0,0,0,0,0,0
5214,The Mighty CavBots,68,misou,,0,0,0,0,0,0.0%,0,0,0,0,0,0.0%,0,1,1,0,0,0,0,0,0,0,0,0,0
94,The  Ninetyfouriors,69,misou,,0,0,0,0,0,0.0%,0,0,0,0,0,0.0%,0,1,1,0,0,0,0,0,0,0,0,0,0
7692,Beach Bums,70,misou,,0,0,0,0,0,0.0%,0,0,0,0,0,0.0%,0,1,1,0,0,0,0,0,0,0,0,0,0
6120,CyberStangs,71,misou,,0,0,0,0,0,0.0%,0,0,0,0,0,0.0%,0,1,1,0,0,0,0,0,0,0,0,0,0
33,Killer Bees,72,misou,,0,0,0,0,0,0.0%,0,0,0,0,0,0.0%,0,1,1,0,0,0,0,0,0,0,0,0,0
6013,Robowolves,73,misou,,0,0,0,0,0,0.0%,0,0,0,0,0,0.0%,0,1,1,0,0,0,0,0,0,0,0,0,0
5577,Kinematic Wolves,74,misou,,0,0,0,0,0,0.0%,0,0,0,0,0,0.0%,0,1,1,0,0,0,0,0,0,0,0,0,0
7856,UPAD Fusion,75,misou,,0,0,0,0,0,0.0%,0,0,0,0,0,0.0%,0,1,1,0,0,0,0,0,0,0,0,0,0
94,The  Ninetyfouriors,76,misou,,0,0,0,0,0,0.0%,0,0,0,0,0,0.0%,0,1,1,0,0,0,0,0,0,0,0,0,0
